user_id,job_public_id,company_name,company_logo_url,job_title,job_description_text,job_description_document_url,resume_name,resume_url,created_at,updated_at
1,b2e092c7-9edf-48e7-8e9e-c67e6c3eeee8,Google,https://placehold.co/100x100?text=Google,Data Engineer Senior,"We are looking for a Data Engineer Senior to join our team at Google. You will work on scalable systems, collaborate with cross-functional teams, and contribute to high-impact projects.",https://docs.example.com/google_jd_1.pdf,caleb_adoumadje_resume_1.pdf,https://docs.example.com/resumes/caleb_resume_1.pdf,2026-01-01 10:00:00,2026-01-01 10:00:00
1,757be68a-8538-40c1-a108-74fdb15e0c07,IBM,https://placehold.co/100x100?text=IBM,Platform Engineer II,"We are looking for a Platform Engineer II to join our team at IBM. You will work on scalable systems, collaborate with cross-functional teams, and contribute to high-impact projects.",https://docs.example.com/ibm_jd_2.pdf,caleb_adoumadje_resume_2.pdf,https://docs.example.com/resumes/caleb_resume_2.pdf,2026-01-01 10:00:00,2026-01-01 10:00:00
1,45996e6e-6bc4-4f40-871d-0eaea3a46443,Netflix,https://placehold.co/100x100?text=Netflix,Full Stack Engineer III,"We are looking for a Full Stack Engineer III to join our team at Netflix. You will work on scalable systems, collaborate with cross-functional teams, and contribute to high-impact projects.",https://docs.example.com/netflix_jd_3.pdf,caleb_adoumadje_resume_3.pdf,https://docs.example.com/resumes/caleb_resume_3.pdf,2026-01-01 10:00:00,2026-01-01 10:00:00
1,c48f2cb8-5a6b-48f6-970e-a75bdcd8cd14,Netflix,https://placehold.co/100x100?text=Netflix,Cloud Engineer Senior,"We are looking for a Cloud Engineer Senior to join our team at Netflix. You will work on scalable systems, collaborate with cross-functional teams, and contribute to high-impact projects.",https://docs.example.com/netflix_jd_4.pdf,caleb_adoumadje_resume_4.pdf,https://docs.example.com/resumes/caleb_resume_4.pdf,2026-01-01 10:00:00,2026-01-01 10:00:00
1,37104965-9e87-402b-b9d3-3130514b9941,IBM,https://placehold.co/100x100?text=IBM,Data Engineer Lead,"We are looking for a Data Engineer Lead to join our team at IBM. You will work on scalable systems, collaborate with cross-functional teams, and contribute to high-impact projects.",https://docs.example.com/ibm_jd_5.pdf,caleb_adoumadje_resume_5.pdf,https://docs.example.com/resumes/caleb_resume_5.pdf,2026-01-01 10:00:00,2026-01-01 10:00:00
1,5b848a78-8b91-489c-9b40-9842b283bbe4,Tesla,https://placehold.co/100x100?text=Tesla,Machine Learning Engineer III,"We are looking for a Machine Learning Engineer III to join our team at Tesla. You will work on scalable systems, collaborate with cross-functional teams, and contribute to high-impact projects.",https://docs.example.com/tesla_jd_6.pdf,caleb_adoumadje_resume_6.pdf,https://docs.example.com/resumes/caleb_resume_6.pdf,2026-01-01 10:00:00,2026-01-01 10:00:00
1,17e09443-672c-427c-847a-8cd00ae59685,Airbnb,https://placehold.co/100x100?text=Airbnb,Backend Engineer Lead,"We are looking for a Backend Engineer Lead to join our team at Airbnb. You will work on scalable systems, collaborate with cross-functional teams, and contribute to high-impact projects.",https://docs.example.com/airbnb_jd_7.pdf,caleb_adoumadje_resume_7.pdf,https://docs.example.com/resumes/caleb_resume_7.pdf,2026-01-01 10:00:00,2026-01-01 10:00:00
1,5b7ace6b-278d-4444-ba56-11240bfcee96,Stripe,https://placehold.co/100x100?text=Stripe,Machine Learning Engineer I,"We are looking for a Machine Learning Engineer I to join our team at Stripe. You will work on scalable systems, collaborate with cross-functional teams, and contribute to high-impact projects.",https://docs.example.com/stripe_jd_8.pdf,caleb_adoumadje_resume_8.pdf,https://docs.example.com/resumes/caleb_resume_8.pdf,2026-01-01 10:00:00,2026-01-01 10:00:00
1,5cfe1444-ef53-4234-b66e-d301c9c57d74,Apple,https://placehold.co/100x100?text=Apple,Cloud Engineer Lead,"We are looking for a Cloud Engineer Lead to join our team at Apple. You will work on scalable systems, collaborate with cross-functional teams, and contribute to high-impact projects.",https://docs.example.com/apple_jd_9.pdf,caleb_adoumadje_resume_9.pdf,https://docs.example.com/resumes/caleb_resume_9.pdf,2026-01-01 10:00:00,2026-01-01 10:00:00
1,73f575ab-ddbb-4f1f-a3aa-ddafd10f675d,Twilio,https://placehold.co/100x100?text=Twilio,Cloud Engineer I,"We are looking for a Cloud Engineer I to join our team at Twilio. You will work on scalable systems, collaborate with cross-functional teams, and contribute to high-impact projects.",https://docs.example.com/twilio_jd_10.pdf,caleb_adoumadje_resume_10.pdf,https://docs.example.com/resumes/caleb_resume_10.pdf,2026-01-01 10:00:00,2026-01-01 10:00:00
1,fb807482-5331-4ed1-9bc7-bf74fc7cde51,IBM,https://placehold.co/100x100?text=IBM,Platform Engineer Senior,"We are looking for a Platform Engineer Senior to join our team at IBM. You will work on scalable systems, collaborate with cross-functional teams, and contribute to high-impact projects.",https://docs.example.com/ibm_jd_11.pdf,caleb_adoumadje_resume_11.pdf,https://docs.example.com/resumes/caleb_resume_11.pdf,2026-01-01 10:00:00,2026-01-01 10:00:00
1,2a6319fd-e2b5-47c5-98b4-80bfb1ceb558,Oracle,https://placehold.co/100x100?text=Oracle,Full Stack Engineer II,"We are looking for a Full Stack Engineer II to join our team at Oracle. You will work on scalable systems, collaborate with cross-functional teams, and contribute to high-impact projects.",https://docs.example.com/oracle_jd_12.pdf,caleb_adoumadje_resume_12.pdf,https://docs.example.com/resumes/caleb_resume_12.pdf,2026-01-01 10:00:00,2026-01-01 10:00:00
1,2831d4de-2c9d-4230-b40d-b5a3bba8d991,IBM,https://placehold.co/100x100?text=IBM,Platform Engineer Senior,"We are looking for a Platform Engineer Senior to join our team at IBM. You will work on scalable systems, collaborate with cross-functional teams, and contribute to high-impact projects.",https://docs.example.com/ibm_jd_13.pdf,caleb_adoumadje_resume_13.pdf,https://docs.example.com/resumes/caleb_resume_13.pdf,2026-01-01 10:00:00,2026-01-01 10:00:00
1,cbb6b9ef-5780-49c3-be3f-557f5619921d,Atlassian,https://placehold.co/100x100?text=Atlassian,Full Stack Engineer Lead,"We are looking for a Full Stack Engineer Lead to join our team at Atlassian. You will work on scalable systems, collaborate with cross-functional teams, and contribute to high-impact projects.",https://docs.example.com/atlassian_jd_14.pdf,caleb_adoumadje_resume_14.pdf,https://docs.example.com/resumes/caleb_resume_14.pdf,2026-01-01 10:00:00,2026-01-01 10:00:00
1,8ebf5572-7bb4-473e-b7df-68fd5c4d13d3,Airbnb,https://placehold.co/100x100?text=Airbnb,Senior Software Engineer III,"We are looking for a Senior Software Engineer III to join our team at Airbnb. You will work on scalable systems, collaborate with cross-functional teams, and contribute to high-impact projects.",https://docs.example.com/airbnb_jd_15.pdf,caleb_adoumadje_resume_15.pdf,https://docs.example.com/resumes/caleb_resume_15.pdf,2026-01-01 10:00:00,2026-01-01 10:00:00
1,ce05c48b-874f-4bdc-a25c-7473b5df63d6,Stripe,https://placehold.co/100x100?text=Stripe,Full Stack Engineer III,"We are looking for a Full Stack Engineer III to join our team at Stripe. You will work on scalable systems, collaborate with cross-functional teams, and contribute to high-impact projects.",https://docs.example.com/stripe_jd_16.pdf,caleb_adoumadje_resume_16.pdf,https://docs.example.com/resumes/caleb_resume_16.pdf,2026-01-01 10:00:00,2026-01-01 10:00:00
1,705bd7a7-e5c5-4c8e-935f-d35044fa7816,Amazon,https://placehold.co/100x100?text=Amazon,Software Engineer Senior,"We are looking for a Software Engineer Senior to join our team at Amazon. You will work on scalable systems, collaborate with cross-functional teams, and contribute to high-impact projects.",https://docs.example.com/amazon_jd_17.pdf,caleb_adoumadje_resume_17.pdf,https://docs.example.com/resumes/caleb_resume_17.pdf,2026-01-01 10:00:00,2026-01-01 10:00:00
1,a3e91b8f-6c3b-4eb0-8f85-aa5f0f1c141c,Tesla,https://placehold.co/100x100?text=Tesla,Cloud Engineer III,"We are looking for a Cloud Engineer III to join our team at Tesla. You will work on scalable systems, collaborate with cross-functional teams, and contribute to high-impact projects.",https://docs.example.com/tesla_jd_18.pdf,caleb_adoumadje_resume_18.pdf,https://docs.example.com/resumes/caleb_resume_18.pdf,2026-01-01 10:00:00,2026-01-01 10:00:00
1,7146b9f5-c998-4a23-8a9c-593dc39b08da,Oracle,https://placehold.co/100x100?text=Oracle,Cloud Engineer Senior,"We are looking for a Cloud Engineer Senior to join our team at Oracle. You will work on scalable systems, collaborate with cross-functional teams, and contribute to high-impact projects.",https://docs.example.com/oracle_jd_19.pdf,caleb_adoumadje_resume_19.pdf,https://docs.example.com/resumes/caleb_resume_19.pdf,2026-01-01 10:00:00,2026-01-01 10:00:00
1,af27093b-e861-45d6-b6a2-c03cad7ec03c,Spotify,https://placehold.co/100x100?text=Spotify,Backend Engineer I,"We are looking for a Backend Engineer I to join our team at Spotify. You will work on scalable systems, collaborate with cross-functional teams, and contribute to high-impact projects.",https://docs.example.com/spotify_jd_20.pdf,caleb_adoumadje_resume_20.pdf,https://docs.example.com/resumes/caleb_resume_20.pdf,2026-01-01 10:00:00,2026-01-01 10:00:00
1,8ca39bbc-f45f-4dbe-bc9e-25338859c483,Nvidia,https://placehold.co/100x100?text=Nvidia,Platform Engineer III,"We are looking for a Platform Engineer III to join our team at Nvidia. You will work on scalable systems, collaborate with cross-functional teams, and contribute to high-impact projects.",https://docs.example.com/nvidia_jd_21.pdf,caleb_adoumadje_resume_21.pdf,https://docs.example.com/resumes/caleb_resume_21.pdf,2026-01-01 10:00:00,2026-01-01 10:00:00
1,c6a02cb2-2e8b-4db7-8ae8-84ae64d1826a,Apple,https://placehold.co/100x100?text=Apple,Senior Software Engineer Lead,"We are looking for a Senior Software Engineer Lead to join our team at Apple. You will work on scalable systems, collaborate with cross-functional teams, and contribute to high-impact projects.",https://docs.example.com/apple_jd_22.pdf,caleb_adoumadje_resume_22.pdf,https://docs.example.com/resumes/caleb_resume_22.pdf,2026-01-01 10:00:00,2026-01-01 10:00:00
1,54d91787-bb96-4513-8b14-9752e04161c9,Spotify,https://placehold.co/100x100?text=Spotify,DevOps Engineer III,"We are looking for a DevOps Engineer III to join our team at Spotify. You will work on scalable systems, collaborate with cross-functional teams, and contribute to high-impact projects.",https://docs.example.com/spotify_jd_23.pdf,caleb_adoumadje_resume_23.pdf,https://docs.example.com/resumes/caleb_resume_23.pdf,2026-01-01 10:00:00,2026-01-01 10:00:00
1,add599c5-cd17-4e41-80c1-c865949fde94,SAP,https://placehold.co/100x100?text=SAP,Software Engineer III,"We are looking for a Software Engineer III to join our team at SAP. You will work on scalable systems, collaborate with cross-functional teams, and contribute to high-impact projects.",https://docs.example.com/sap_jd_24.pdf,caleb_adoumadje_resume_24.pdf,https://docs.example.com/resumes/caleb_resume_24.pdf,2026-01-01 10:00:00,2026-01-01 10:00:00
1,1c1b3545-3073-4a34-b1a2-9af2ae17422d,Intel,https://placehold.co/100x100?text=Intel,Backend Engineer Senior,"We are looking for a Backend Engineer Senior to join our team at Intel. You will work on scalable systems, collaborate with cross-functional teams, and contribute to high-impact projects.",https://docs.example.com/intel_jd_25.pdf,caleb_adoumadje_resume_25.pdf,https://docs.example.com/resumes/caleb_resume_25.pdf,2026-01-01 10:00:00,2026-01-01 10:00:00
1,e8513d8e-39eb-455d-9864-0040d7117ece,Apple,https://placehold.co/100x100?text=Apple,Data Engineer III,"We are looking for a Data Engineer III to join our team at Apple. You will work on scalable systems, collaborate with cross-functional teams, and contribute to high-impact projects.",https://docs.example.com/apple_jd_26.pdf,caleb_adoumadje_resume_26.pdf,https://docs.example.com/resumes/caleb_resume_26.pdf,2026-01-01 10:00:00,2026-01-01 10:00:00
1,086345bf-a96b-498f-a852-39efb6550075,Shopify,https://placehold.co/100x100?text=Shopify,Backend Engineer Lead,"We are looking for a Backend Engineer Lead to join our team at Shopify. You will work on scalable systems, collaborate with cross-functional teams, and contribute to high-impact projects.",https://docs.example.com/shopify_jd_27.pdf,caleb_adoumadje_resume_27.pdf,https://docs.example.com/resumes/caleb_resume_27.pdf,2026-01-01 10:00:00,2026-01-01 10:00:00
1,bf6c62eb-a21b-4e8e-a259-97e0a159cf79,Netflix,https://placehold.co/100x100?text=Netflix,Backend Engineer Lead,"We are looking for a Backend Engineer Lead to join our team at Netflix. You will work on scalable systems, collaborate with cross-functional teams, and contribute to high-impact projects.",https://docs.example.com/netflix_jd_28.pdf,caleb_adoumadje_resume_28.pdf,https://docs.example.com/resumes/caleb_resume_28.pdf,2026-01-01 10:00:00,2026-01-01 10:00:00
1,ec3a8a19-d3df-4a39-8e57-3fb7ea9e9ee3,Intel,https://placehold.co/100x100?text=Intel,Machine Learning Engineer I,"We are looking for a Machine Learning Engineer I to join our team at Intel. You will work on scalable systems, collaborate with cross-functional teams, and contribute to high-impact projects.",https://docs.example.com/intel_jd_29.pdf,caleb_adoumadje_resume_29.pdf,https://docs.example.com/resumes/caleb_resume_29.pdf,2026-01-01 10:00:00,2026-01-01 10:00:00
1,f74a8920-1280-47f4-a186-e15b0fcb47af,Spotify,https://placehold.co/100x100?text=Spotify,Full Stack Engineer Senior,"We are looking for a Full Stack Engineer Senior to join our team at Spotify. You will work on scalable systems, collaborate with cross-functional teams, and contribute to high-impact projects.",https://docs.example.com/spotify_jd_30.pdf,caleb_adoumadje_resume_30.pdf,https://docs.example.com/resumes/caleb_resume_30.pdf,2026-01-01 10:00:00,2026-01-01 10:00:00
1,ba2c60d9-e0bf-4b3e-a839-a63f07dbcd71,Oracle,https://placehold.co/100x100?text=Oracle,Cloud Engineer II,"We are looking for a Cloud Engineer II to join our team at Oracle. You will work on scalable systems, collaborate with cross-functional teams, and contribute to high-impact projects.",https://docs.example.com/oracle_jd_31.pdf,caleb_adoumadje_resume_31.pdf,https://docs.example.com/resumes/caleb_resume_31.pdf,2026-01-01 10:00:00,2026-01-01 10:00:00
1,cc767288-aa93-46a1-9f9e-34c05af88030,Uber,https://placehold.co/100x100?text=Uber,DevOps Engineer I,"We are looking for a DevOps Engineer I to join our team at Uber. You will work on scalable systems, collaborate with cross-functional teams, and contribute to high-impact projects.",https://docs.example.com/uber_jd_32.pdf,caleb_adoumadje_resume_32.pdf,https://docs.example.com/resumes/caleb_resume_32.pdf,2026-01-01 10:00:00,2026-01-01 10:00:00
1,9393fb1f-b469-4a42-a96d-3941bd8d50c9,Apple,https://placehold.co/100x100?text=Apple,Data Engineer Lead,"We are looking for a Data Engineer Lead to join our team at Apple. You will work on scalable systems, collaborate with cross-functional teams, and contribute to high-impact projects.",https://docs.example.com/apple_jd_33.pdf,caleb_adoumadje_resume_33.pdf,https://docs.example.com/resumes/caleb_resume_33.pdf,2026-01-01 10:00:00,2026-01-01 10:00:00
1,7d479baa-4299-4ed3-b9b5-a5f02b3fc080,Shopify,https://placehold.co/100x100?text=Shopify,Senior Software Engineer I,"We are looking for a Senior Software Engineer I to join our team at Shopify. You will work on scalable systems, collaborate with cross-functional teams, and contribute to high-impact projects.",https://docs.example.com/shopify_jd_34.pdf,caleb_adoumadje_resume_34.pdf,https://docs.example.com/resumes/caleb_resume_34.pdf,2026-01-01 10:00:00,2026-01-01 10:00:00
1,170ac8cb-023a-440d-91a1-7abd841ab7b6,Shopify,https://placehold.co/100x100?text=Shopify,Full Stack Engineer I,"We are looking for a Full Stack Engineer I to join our team at Shopify. You will work on scalable systems, collaborate with cross-functional teams, and contribute to high-impact projects.",https://docs.example.com/shopify_jd_35.pdf,caleb_adoumadje_resume_35.pdf,https://docs.example.com/resumes/caleb_resume_35.pdf,2026-01-01 10:00:00,2026-01-01 10:00:00
1,487ed3bd-6fab-4f23-b729-2b27619205ac,Stripe,https://placehold.co/100x100?text=Stripe,Machine Learning Engineer I,"We are looking for a Machine Learning Engineer I to join our team at Stripe. You will work on scalable systems, collaborate with cross-functional teams, and contribute to high-impact projects.",https://docs.example.com/stripe_jd_36.pdf,caleb_adoumadje_resume_36.pdf,https://docs.example.com/resumes/caleb_resume_36.pdf,2026-01-01 10:00:00,2026-01-01 10:00:00
1,aa3108de-a48b-4996-a6ab-fb3ebc801e3e,Atlassian,https://placehold.co/100x100?text=Atlassian,Frontend Engineer Lead,"We are looking for a Frontend Engineer Lead to join our team at Atlassian. You will work on scalable systems, collaborate with cross-functional teams, and contribute to high-impact projects.",https://docs.example.com/atlassian_jd_37.pdf,caleb_adoumadje_resume_37.pdf,https://docs.example.com/resumes/caleb_resume_37.pdf,2026-01-01 10:00:00,2026-01-01 10:00:00
1,038d267f-2ad5-4306-82a0-68383e487c1c,Uber,https://placehold.co/100x100?text=Uber,Platform Engineer I,"We are looking for a Platform Engineer I to join our team at Uber. You will work on scalable systems, collaborate with cross-functional teams, and contribute to high-impact projects.",https://docs.example.com/uber_jd_38.pdf,caleb_adoumadje_resume_38.pdf,https://docs.example.com/resumes/caleb_resume_38.pdf,2026-01-01 10:00:00,2026-01-01 10:00:00
1,0c5515dc-cd56-4791-a65c-c5133ec403ac,Salesforce,https://placehold.co/100x100?text=Salesforce,Backend Engineer II,"We are looking for a Backend Engineer II to join our team at Salesforce. You will work on scalable systems, collaborate with cross-functional teams, and contribute to high-impact projects.",https://docs.example.com/salesforce_jd_39.pdf,caleb_adoumadje_resume_39.pdf,https://docs.example.com/resumes/caleb_resume_39.pdf,2026-01-01 10:00:00,2026-01-01 10:00:00
1,0b26d756-a90c-49be-a541-67a97f2cde8c,Stripe,https://placehold.co/100x100?text=Stripe,Data Engineer III,"We are looking for a Data Engineer III to join our team at Stripe. You will work on scalable systems, collaborate with cross-functional teams, and contribute to high-impact projects.",https://docs.example.com/stripe_jd_40.pdf,caleb_adoumadje_resume_40.pdf,https://docs.example.com/resumes/caleb_resume_40.pdf,2026-01-01 10:00:00,2026-01-01 10:00:00
1,0c5d4231-49d4-4e84-ba33-908e3002bcfa,Shopify,https://placehold.co/100x100?text=Shopify,Software Engineer Lead,"We are looking for a Software Engineer Lead to join our team at Shopify. You will work on scalable systems, collaborate with cross-functional teams, and contribute to high-impact projects.",https://docs.example.com/shopify_jd_41.pdf,caleb_adoumadje_resume_41.pdf,https://docs.example.com/resumes/caleb_resume_41.pdf,2026-01-01 10:00:00,2026-01-01 10:00:00
1,05b933ef-c4d6-4f67-9d88-28d31a25843b,Uber,https://placehold.co/100x100?text=Uber,Software Engineer Lead,"We are looking for a Software Engineer Lead to join our team at Uber. You will work on scalable systems, collaborate with cross-functional teams, and contribute to high-impact projects.",https://docs.example.com/uber_jd_42.pdf,caleb_adoumadje_resume_42.pdf,https://docs.example.com/resumes/caleb_resume_42.pdf,2026-01-01 10:00:00,2026-01-01 10:00:00
1,c64e891d-c755-4730-a18a-e48f3fa05f57,Stripe,https://placehold.co/100x100?text=Stripe,Machine Learning Engineer Senior,"We are looking for a Machine Learning Engineer Senior to join our team at Stripe. You will work on scalable systems, collaborate with cross-functional teams, and contribute to high-impact projects.",https://docs.example.com/stripe_jd_43.pdf,caleb_adoumadje_resume_43.pdf,https://docs.example.com/resumes/caleb_resume_43.pdf,2026-01-01 10:00:00,2026-01-01 10:00:00
1,450a526b-694e-4b4b-bfa3-4d52a9c09abb,Apple,https://placehold.co/100x100?text=Apple,Senior Software Engineer Lead,"We are looking for a Senior Software Engineer Lead to join our team at Apple. You will work on scalable systems, collaborate with cross-functional teams, and contribute to high-impact projects.",https://docs.example.com/apple_jd_44.pdf,caleb_adoumadje_resume_44.pdf,https://docs.example.com/resumes/caleb_resume_44.pdf,2026-01-01 10:00:00,2026-01-01 10:00:00
1,0e045cf2-2ee3-4155-9c9e-9f4430606584,Atlassian,https://placehold.co/100x100?text=Atlassian,Backend Engineer Senior,"We are looking for a Backend Engineer Senior to join our team at Atlassian. You will work on scalable systems, collaborate with cross-functional teams, and contribute to high-impact projects.",https://docs.example.com/atlassian_jd_45.pdf,caleb_adoumadje_resume_45.pdf,https://docs.example.com/resumes/caleb_resume_45.pdf,2026-01-01 10:00:00,2026-01-01 10:00:00
1,07ecbbf7-ccd4-4b01-a5ac-e262dffe3953,Nvidia,https://placehold.co/100x100?text=Nvidia,Machine Learning Engineer II,"We are looking for a Machine Learning Engineer II to join our team at Nvidia. You will work on scalable systems, collaborate with cross-functional teams, and contribute to high-impact projects.",https://docs.example.com/nvidia_jd_46.pdf,caleb_adoumadje_resume_46.pdf,https://docs.example.com/resumes/caleb_resume_46.pdf,2026-01-01 10:00:00,2026-01-01 10:00:00
1,1a32f26d-9ad1-4900-8aa0-4a1ee8c2ff51,Amazon,https://placehold.co/100x100?text=Amazon,Cloud Engineer III,"We are looking for a Cloud Engineer III to join our team at Amazon. You will work on scalable systems, collaborate with cross-functional teams, and contribute to high-impact projects.",https://docs.example.com/amazon_jd_47.pdf,caleb_adoumadje_resume_47.pdf,https://docs.example.com/resumes/caleb_resume_47.pdf,2026-01-01 10:00:00,2026-01-01 10:00:00
1,efc6100e-0712-4f8e-9946-7887469778d1,Apple,https://placehold.co/100x100?text=Apple,Cloud Engineer Senior,"We are looking for a Cloud Engineer Senior to join our team at Apple. You will work on scalable systems, collaborate with cross-functional teams, and contribute to high-impact projects.",https://docs.example.com/apple_jd_48.pdf,caleb_adoumadje_resume_48.pdf,https://docs.example.com/resumes/caleb_resume_48.pdf,2026-01-01 10:00:00,2026-01-01 10:00:00
1,f066fa70-5ab8-4996-9cd6-87327023a0af,Spotify,https://placehold.co/100x100?text=Spotify,Platform Engineer Senior,"We are looking for a Platform Engineer Senior to join our team at Spotify. You will work on scalable systems, collaborate with cross-functional teams, and contribute to high-impact projects.",https://docs.example.com/spotify_jd_49.pdf,caleb_adoumadje_resume_49.pdf,https://docs.example.com/resumes/caleb_resume_49.pdf,2026-01-01 10:00:00,2026-01-01 10:00:00
1,774d17f7-0169-4552-9203-8ad12e71efc5,Spotify,https://placehold.co/100x100?text=Spotify,Data Engineer II,"We are looking for a Data Engineer II to join our team at Spotify. You will work on scalable systems, collaborate with cross-functional teams, and contribute to high-impact projects.",https://docs.example.com/spotify_jd_50.pdf,caleb_adoumadje_resume_50.pdf,https://docs.example.com/resumes/caleb_resume_50.pdf,2026-01-01 10:00:00,2026-01-01 10:00:00
1,f7665d7e-0809-4de0-9bd5-f5fd4e65c96d,Twilio,https://placehold.co/100x100?text=Twilio,Senior Software Engineer II,"We are looking for a Senior Software Engineer II to join our team at Twilio. You will work on scalable systems, collaborate with cross-functional teams, and contribute to high-impact projects.",https://docs.example.com/twilio_jd_51.pdf,caleb_adoumadje_resume_51.pdf,https://docs.example.com/resumes/caleb_resume_51.pdf,2026-01-01 10:00:00,2026-01-01 10:00:00
1,5358f9f0-66f9-45de-9408-d0617355de84,Microsoft,https://placehold.co/100x100?text=Microsoft,Platform Engineer III,"We are looking for a Platform Engineer III to join our team at Microsoft. You will work on scalable systems, collaborate with cross-functional teams, and contribute to high-impact projects.",https://docs.example.com/microsoft_jd_52.pdf,caleb_adoumadje_resume_52.pdf,https://docs.example.com/resumes/caleb_resume_52.pdf,2026-01-01 10:00:00,2026-01-01 10:00:00
1,33174f0f-0fe7-49a9-a0a4-ae577c1b102a,Google,https://placehold.co/100x100?text=Google,Machine Learning Engineer Senior,"We are looking for a Machine Learning Engineer Senior to join our team at Google. You will work on scalable systems, collaborate with cross-functional teams, and contribute to high-impact projects.",https://docs.example.com/google_jd_53.pdf,caleb_adoumadje_resume_53.pdf,https://docs.example.com/resumes/caleb_resume_53.pdf,2026-01-01 10:00:00,2026-01-01 10:00:00
1,245549ac-1a84-44c8-a0fd-e48318cdda13,IBM,https://placehold.co/100x100?text=IBM,DevOps Engineer II,"We are looking for a DevOps Engineer II to join our team at IBM. You will work on scalable systems, collaborate with cross-functional teams, and contribute to high-impact projects.",https://docs.example.com/ibm_jd_54.pdf,caleb_adoumadje_resume_54.pdf,https://docs.example.com/resumes/caleb_resume_54.pdf,2026-01-01 10:00:00,2026-01-01 10:00:00
1,52c860a7-da55-4b20-a55f-161d7d56d976,Microsoft,https://placehold.co/100x100?text=Microsoft,Machine Learning Engineer Lead,"We are looking for a Machine Learning Engineer Lead to join our team at Microsoft. You will work on scalable systems, collaborate with cross-functional teams, and contribute to high-impact projects.",https://docs.example.com/microsoft_jd_55.pdf,caleb_adoumadje_resume_55.pdf,https://docs.example.com/resumes/caleb_resume_55.pdf,2026-01-01 10:00:00,2026-01-01 10:00:00
1,40286d9c-29fb-46e6-b68f-c9c69826aa30,Atlassian,https://placehold.co/100x100?text=Atlassian,Machine Learning Engineer III,"We are looking for a Machine Learning Engineer III to join our team at Atlassian. You will work on scalable systems, collaborate with cross-functional teams, and contribute to high-impact projects.",https://docs.example.com/atlassian_jd_56.pdf,caleb_adoumadje_resume_56.pdf,https://docs.example.com/resumes/caleb_resume_56.pdf,2026-01-01 10:00:00,2026-01-01 10:00:00
1,8bb60bcd-0585-4616-83bd-78af7b984719,Amazon,https://placehold.co/100x100?text=Amazon,Senior Software Engineer Lead,"We are looking for a Senior Software Engineer Lead to join our team at Amazon. You will work on scalable systems, collaborate with cross-functional teams, and contribute to high-impact projects.",https://docs.example.com/amazon_jd_57.pdf,caleb_adoumadje_resume_57.pdf,https://docs.example.com/resumes/caleb_resume_57.pdf,2026-01-01 10:00:00,2026-01-01 10:00:00
1,50166842-7e28-4c09-b57a-a1fa5eb8f6c3,Uber,https://placehold.co/100x100?text=Uber,Software Engineer II,"We are looking for a Software Engineer II to join our team at Uber. You will work on scalable systems, collaborate with cross-functional teams, and contribute to high-impact projects.",https://docs.example.com/uber_jd_58.pdf,caleb_adoumadje_resume_58.pdf,https://docs.example.com/resumes/caleb_resume_58.pdf,2026-01-01 10:00:00,2026-01-01 10:00:00
1,d902464d-07be-4ab3-8d7f-2fac14540c47,Twilio,https://placehold.co/100x100?text=Twilio,Machine Learning Engineer Senior,"We are looking for a Machine Learning Engineer Senior to join our team at Twilio. You will work on scalable systems, collaborate with cross-functional teams, and contribute to high-impact projects.",https://docs.example.com/twilio_jd_59.pdf,caleb_adoumadje_resume_59.pdf,https://docs.example.com/resumes/caleb_resume_59.pdf,2026-01-01 10:00:00,2026-01-01 10:00:00
1,01b8a8a1-858c-4d13-b8f1-98d5ecde3d3c,Amazon,https://placehold.co/100x100?text=Amazon,Backend Engineer Lead,"We are looking for a Backend Engineer Lead to join our team at Amazon. You will work on scalable systems, collaborate with cross-functional teams, and contribute to high-impact projects.",https://docs.example.com/amazon_jd_60.pdf,caleb_adoumadje_resume_60.pdf,https://docs.example.com/resumes/caleb_resume_60.pdf,2026-01-01 10:00:00,2026-01-01 10:00:00
1,5267026a-273f-4d23-911d-24a32a9691a3,Airbnb,https://placehold.co/100x100?text=Airbnb,Machine Learning Engineer III,"We are looking for a Machine Learning Engineer III to join our team at Airbnb. You will work on scalable systems, collaborate with cross-functional teams, and contribute to high-impact projects.",https://docs.example.com/airbnb_jd_61.pdf,caleb_adoumadje_resume_61.pdf,https://docs.example.com/resumes/caleb_resume_61.pdf,2026-01-01 10:00:00,2026-01-01 10:00:00
1,16936d79-4ac4-4af0-8f0b-bbaa31b4621e,Meta,https://placehold.co/100x100?text=Meta,Full Stack Engineer Senior,"We are looking for a Full Stack Engineer Senior to join our team at Meta. You will work on scalable systems, collaborate with cross-functional teams, and contribute to high-impact projects.",https://docs.example.com/meta_jd_62.pdf,caleb_adoumadje_resume_62.pdf,https://docs.example.com/resumes/caleb_resume_62.pdf,2026-01-01 10:00:00,2026-01-01 10:00:00
1,1500cc6d-e5c6-42be-b8de-82e5b725b370,Apple,https://placehold.co/100x100?text=Apple,Cloud Engineer Senior,"We are looking for a Cloud Engineer Senior to join our team at Apple. You will work on scalable systems, collaborate with cross-functional teams, and contribute to high-impact projects.",https://docs.example.com/apple_jd_63.pdf,caleb_adoumadje_resume_63.pdf,https://docs.example.com/resumes/caleb_resume_63.pdf,2026-01-01 10:00:00,2026-01-01 10:00:00
1,7df9b6a4-30f9-48e3-bf29-ed08f2c3159a,Netflix,https://placehold.co/100x100?text=Netflix,DevOps Engineer I,"We are looking for a DevOps Engineer I to join our team at Netflix. You will work on scalable systems, collaborate with cross-functional teams, and contribute to high-impact projects.",https://docs.example.com/netflix_jd_64.pdf,caleb_adoumadje_resume_64.pdf,https://docs.example.com/resumes/caleb_resume_64.pdf,2026-01-01 10:00:00,2026-01-01 10:00:00
1,2ae3e2e6-43d0-4d7e-b49c-90250de06592,Stripe,https://placehold.co/100x100?text=Stripe,DevOps Engineer III,"We are looking for a DevOps Engineer III to join our team at Stripe. You will work on scalable systems, collaborate with cross-functional teams, and contribute to high-impact projects.",https://docs.example.com/stripe_jd_65.pdf,caleb_adoumadje_resume_65.pdf,https://docs.example.com/resumes/caleb_resume_65.pdf,2026-01-01 10:00:00,2026-01-01 10:00:00
1,8101d03d-1832-4c6c-bf58-8b6909d02d5f,Atlassian,https://placehold.co/100x100?text=Atlassian,Frontend Engineer I,"We are looking for a Frontend Engineer I to join our team at Atlassian. You will work on scalable systems, collaborate with cross-functional teams, and contribute to high-impact projects.",https://docs.example.com/atlassian_jd_66.pdf,caleb_adoumadje_resume_66.pdf,https://docs.example.com/resumes/caleb_resume_66.pdf,2026-01-01 10:00:00,2026-01-01 10:00:00
1,2b57513d-2113-41a9-8a4e-e31dd50f2e9c,Uber,https://placehold.co/100x100?text=Uber,Senior Software Engineer II,"We are looking for a Senior Software Engineer II to join our team at Uber. You will work on scalable systems, collaborate with cross-functional teams, and contribute to high-impact projects.",https://docs.example.com/uber_jd_67.pdf,caleb_adoumadje_resume_67.pdf,https://docs.example.com/resumes/caleb_resume_67.pdf,2026-01-01 10:00:00,2026-01-01 10:00:00
1,ee773c54-a20f-43dd-9768-38195c29077e,Airbnb,https://placehold.co/100x100?text=Airbnb,Cloud Engineer I,"We are looking for a Cloud Engineer I to join our team at Airbnb. You will work on scalable systems, collaborate with cross-functional teams, and contribute to high-impact projects.",https://docs.example.com/airbnb_jd_68.pdf,caleb_adoumadje_resume_68.pdf,https://docs.example.com/resumes/caleb_resume_68.pdf,2026-01-01 10:00:00,2026-01-01 10:00:00
1,c1af5fa0-dbb0-475a-a789-a4f128d6a4db,IBM,https://placehold.co/100x100?text=IBM,DevOps Engineer Lead,"We are looking for a DevOps Engineer Lead to join our team at IBM. You will work on scalable systems, collaborate with cross-functional teams, and contribute to high-impact projects.",https://docs.example.com/ibm_jd_69.pdf,caleb_adoumadje_resume_69.pdf,https://docs.example.com/resumes/caleb_resume_69.pdf,2026-01-01 10:00:00,2026-01-01 10:00:00
1,b084e925-f988-487a-8b03-3ad14d782c12,Twilio,https://placehold.co/100x100?text=Twilio,Full Stack Engineer I,"We are looking for a Full Stack Engineer I to join our team at Twilio. You will work on scalable systems, collaborate with cross-functional teams, and contribute to high-impact projects.",https://docs.example.com/twilio_jd_70.pdf,caleb_adoumadje_resume_70.pdf,https://docs.example.com/resumes/caleb_resume_70.pdf,2026-01-01 10:00:00,2026-01-01 10:00:00
1,ddc47ef3-8bee-46a4-93bd-6e22b645946b,Meta,https://placehold.co/100x100?text=Meta,Platform Engineer Senior,"We are looking for a Platform Engineer Senior to join our team at Meta. You will work on scalable systems, collaborate with cross-functional teams, and contribute to high-impact projects.",https://docs.example.com/meta_jd_71.pdf,caleb_adoumadje_resume_71.pdf,https://docs.example.com/resumes/caleb_resume_71.pdf,2026-01-01 10:00:00,2026-01-01 10:00:00
1,d4380067-7f19-47d9-a128-db7585df1ef1,Meta,https://placehold.co/100x100?text=Meta,Backend Engineer Senior,"We are looking for a Backend Engineer Senior to join our team at Meta. You will work on scalable systems, collaborate with cross-functional teams, and contribute to high-impact projects.",https://docs.example.com/meta_jd_72.pdf,caleb_adoumadje_resume_72.pdf,https://docs.example.com/resumes/caleb_resume_72.pdf,2026-01-01 10:00:00,2026-01-01 10:00:00
1,c9839cbe-a1b4-4e8b-b44f-42bdfabde9fc,Apple,https://placehold.co/100x100?text=Apple,Cloud Engineer III,"We are looking for a Cloud Engineer III to join our team at Apple. You will work on scalable systems, collaborate with cross-functional teams, and contribute to high-impact projects.",https://docs.example.com/apple_jd_73.pdf,caleb_adoumadje_resume_73.pdf,https://docs.example.com/resumes/caleb_resume_73.pdf,2026-01-01 10:00:00,2026-01-01 10:00:00
1,4e6fad1f-b34e-4a7b-afa6-933b86ff012b,IBM,https://placehold.co/100x100?text=IBM,Full Stack Engineer Senior,"We are looking for a Full Stack Engineer Senior to join our team at IBM. You will work on scalable systems, collaborate with cross-functional teams, and contribute to high-impact projects.",https://docs.example.com/ibm_jd_74.pdf,caleb_adoumadje_resume_74.pdf,https://docs.example.com/resumes/caleb_resume_74.pdf,2026-01-01 10:00:00,2026-01-01 10:00:00
1,058f133f-18d6-492b-ae36-c68dd296c257,IBM,https://placehold.co/100x100?text=IBM,DevOps Engineer I,"We are looking for a DevOps Engineer I to join our team at IBM. You will work on scalable systems, collaborate with cross-functional teams, and contribute to high-impact projects.",https://docs.example.com/ibm_jd_75.pdf,caleb_adoumadje_resume_75.pdf,https://docs.example.com/resumes/caleb_resume_75.pdf,2026-01-01 10:00:00,2026-01-01 10:00:00
1,dcc2ac19-0342-4263-b2a3-f0f74b79d95e,Google,https://placehold.co/100x100?text=Google,Cloud Engineer II,"We are looking for a Cloud Engineer II to join our team at Google. You will work on scalable systems, collaborate with cross-functional teams, and contribute to high-impact projects.",https://docs.example.com/google_jd_76.pdf,caleb_adoumadje_resume_76.pdf,https://docs.example.com/resumes/caleb_resume_76.pdf,2026-01-01 10:00:00,2026-01-01 10:00:00
1,6fbc309d-29eb-4690-b682-ee1e4bd097e5,Tesla,https://placehold.co/100x100?text=Tesla,Machine Learning Engineer II,"We are looking for a Machine Learning Engineer II to join our team at Tesla. You will work on scalable systems, collaborate with cross-functional teams, and contribute to high-impact projects.",https://docs.example.com/tesla_jd_77.pdf,caleb_adoumadje_resume_77.pdf,https://docs.example.com/resumes/caleb_resume_77.pdf,2026-01-01 10:00:00,2026-01-01 10:00:00
1,00528fdc-4590-4ed1-b1c4-4174f4e5803e,Intel,https://placehold.co/100x100?text=Intel,Cloud Engineer Lead,"We are looking for a Cloud Engineer Lead to join our team at Intel. You will work on scalable systems, collaborate with cross-functional teams, and contribute to high-impact projects.",https://docs.example.com/intel_jd_78.pdf,caleb_adoumadje_resume_78.pdf,https://docs.example.com/resumes/caleb_resume_78.pdf,2026-01-01 10:00:00,2026-01-01 10:00:00
1,e797ce48-a5b3-4ba3-b6ee-2d07a3a00e50,Stripe,https://placehold.co/100x100?text=Stripe,Platform Engineer Lead,"We are looking for a Platform Engineer Lead to join our team at Stripe. You will work on scalable systems, collaborate with cross-functional teams, and contribute to high-impact projects.",https://docs.example.com/stripe_jd_79.pdf,caleb_adoumadje_resume_79.pdf,https://docs.example.com/resumes/caleb_resume_79.pdf,2026-01-01 10:00:00,2026-01-01 10:00:00
1,246db2d6-e025-4eb3-9b24-6b7929d31463,Microsoft,https://placehold.co/100x100?text=Microsoft,Full Stack Engineer I,"We are looking for a Full Stack Engineer I to join our team at Microsoft. You will work on scalable systems, collaborate with cross-functional teams, and contribute to high-impact projects.",https://docs.example.com/microsoft_jd_80.pdf,caleb_adoumadje_resume_80.pdf,https://docs.example.com/resumes/caleb_resume_80.pdf,2026-01-01 10:00:00,2026-01-01 10:00:00
1,0e8cf7b8-c4d0-4d67-b19b-f101bcc41c58,Intel,https://placehold.co/100x100?text=Intel,Cloud Engineer III,"We are looking for a Cloud Engineer III to join our team at Intel. You will work on scalable systems, collaborate with cross-functional teams, and contribute to high-impact projects.",https://docs.example.com/intel_jd_81.pdf,caleb_adoumadje_resume_81.pdf,https://docs.example.com/resumes/caleb_resume_81.pdf,2026-01-01 10:00:00,2026-01-01 10:00:00
1,e33d1127-ec5c-4415-af56-a9901ab3efc8,Twilio,https://placehold.co/100x100?text=Twilio,Senior Software Engineer II,"We are looking for a Senior Software Engineer II to join our team at Twilio. You will work on scalable systems, collaborate with cross-functional teams, and contribute to high-impact projects.",https://docs.example.com/twilio_jd_82.pdf,caleb_adoumadje_resume_82.pdf,https://docs.example.com/resumes/caleb_resume_82.pdf,2026-01-01 10:00:00,2026-01-01 10:00:00
1,5ce95105-c9f2-4f68-a62e-c5e5a50e3589,Google,https://placehold.co/100x100?text=Google,Backend Engineer II,"We are looking for a Backend Engineer II to join our team at Google. You will work on scalable systems, collaborate with cross-functional teams, and contribute to high-impact projects.",https://docs.example.com/google_jd_83.pdf,caleb_adoumadje_resume_83.pdf,https://docs.example.com/resumes/caleb_resume_83.pdf,2026-01-01 10:00:00,2026-01-01 10:00:00
1,566b6e61-8976-4907-a409-f9a652504afb,Apple,https://placehold.co/100x100?text=Apple,Frontend Engineer I,"We are looking for a Frontend Engineer I to join our team at Apple. You will work on scalable systems, collaborate with cross-functional teams, and contribute to high-impact projects.",https://docs.example.com/apple_jd_84.pdf,caleb_adoumadje_resume_84.pdf,https://docs.example.com/resumes/caleb_resume_84.pdf,2026-01-01 10:00:00,2026-01-01 10:00:00
1,5d8296c7-69fd-4d40-ad4a-8702f5469b86,Microsoft,https://placehold.co/100x100?text=Microsoft,Senior Software Engineer I,"We are looking for a Senior Software Engineer I to join our team at Microsoft. You will work on scalable systems, collaborate with cross-functional teams, and contribute to high-impact projects.",https://docs.example.com/microsoft_jd_85.pdf,caleb_adoumadje_resume_85.pdf,https://docs.example.com/resumes/caleb_resume_85.pdf,2026-01-01 10:00:00,2026-01-01 10:00:00
1,26a34ca9-c248-4dc6-9fd7-cda7e35e8845,Oracle,https://placehold.co/100x100?text=Oracle,Frontend Engineer III,"We are looking for a Frontend Engineer III to join our team at Oracle. You will work on scalable systems, collaborate with cross-functional teams, and contribute to high-impact projects.",https://docs.example.com/oracle_jd_86.pdf,caleb_adoumadje_resume_86.pdf,https://docs.example.com/resumes/caleb_resume_86.pdf,2026-01-01 10:00:00,2026-01-01 10:00:00
1,2f1ee2c7-644a-4734-af7b-9aa531686012,Salesforce,https://placehold.co/100x100?text=Salesforce,Frontend Engineer I,"We are looking for a Frontend Engineer I to join our team at Salesforce. You will work on scalable systems, collaborate with cross-functional teams, and contribute to high-impact projects.",https://docs.example.com/salesforce_jd_87.pdf,caleb_adoumadje_resume_87.pdf,https://docs.example.com/resumes/caleb_resume_87.pdf,2026-01-01 10:00:00,2026-01-01 10:00:00
1,78a63f06-bd65-4fdc-83f8-0011b22181ce,Salesforce,https://placehold.co/100x100?text=Salesforce,Full Stack Engineer II,"We are looking for a Full Stack Engineer II to join our team at Salesforce. You will work on scalable systems, collaborate with cross-functional teams, and contribute to high-impact projects.",https://docs.example.com/salesforce_jd_88.pdf,caleb_adoumadje_resume_88.pdf,https://docs.example.com/resumes/caleb_resume_88.pdf,2026-01-01 10:00:00,2026-01-01 10:00:00
1,aeb3eed1-7790-418a-a8ef-3c7c86321f79,Meta,https://placehold.co/100x100?text=Meta,Frontend Engineer Senior,"We are looking for a Frontend Engineer Senior to join our team at Meta. You will work on scalable systems, collaborate with cross-functional teams, and contribute to high-impact projects.",https://docs.example.com/meta_jd_89.pdf,caleb_adoumadje_resume_89.pdf,https://docs.example.com/resumes/caleb_resume_89.pdf,2026-01-01 10:00:00,2026-01-01 10:00:00
1,7d43f682-e558-4ef5-b626-8fb1956fce4a,Apple,https://placehold.co/100x100?text=Apple,Machine Learning Engineer Lead,"We are looking for a Machine Learning Engineer Lead to join our team at Apple. You will work on scalable systems, collaborate with cross-functional teams, and contribute to high-impact projects.",https://docs.example.com/apple_jd_90.pdf,caleb_adoumadje_resume_90.pdf,https://docs.example.com/resumes/caleb_resume_90.pdf,2026-01-01 10:00:00,2026-01-01 10:00:00
1,bab8a45b-654e-4f51-97b2-3042ebcaeeef,Google,https://placehold.co/100x100?text=Google,Backend Engineer III,"We are looking for a Backend Engineer III to join our team at Google. You will work on scalable systems, collaborate with cross-functional teams, and contribute to high-impact projects.",https://docs.example.com/google_jd_91.pdf,caleb_adoumadje_resume_91.pdf,https://docs.example.com/resumes/caleb_resume_91.pdf,2026-01-01 10:00:00,2026-01-01 10:00:00
1,59f3dca4-4247-4cfd-9c1c-b8ed250128b1,Atlassian,https://placehold.co/100x100?text=Atlassian,Data Engineer II,"We are looking for a Data Engineer II to join our team at Atlassian. You will work on scalable systems, collaborate with cross-functional teams, and contribute to high-impact projects.",https://docs.example.com/atlassian_jd_92.pdf,caleb_adoumadje_resume_92.pdf,https://docs.example.com/resumes/caleb_resume_92.pdf,2026-01-01 10:00:00,2026-01-01 10:00:00
1,e434ed21-53a0-4251-a75e-dad3fb6e9bc4,SAP,https://placehold.co/100x100?text=SAP,Senior Software Engineer III,"We are looking for a Senior Software Engineer III to join our team at SAP. You will work on scalable systems, collaborate with cross-functional teams, and contribute to high-impact projects.",https://docs.example.com/sap_jd_93.pdf,caleb_adoumadje_resume_93.pdf,https://docs.example.com/resumes/caleb_resume_93.pdf,2026-01-01 10:00:00,2026-01-01 10:00:00
1,88b0dc6e-7857-4beb-a9c2-8d48aa5e5854,SAP,https://placehold.co/100x100?text=SAP,Cloud Engineer I,"We are looking for a Cloud Engineer I to join our team at SAP. You will work on scalable systems, collaborate with cross-functional teams, and contribute to high-impact projects.",https://docs.example.com/sap_jd_94.pdf,caleb_adoumadje_resume_94.pdf,https://docs.example.com/resumes/caleb_resume_94.pdf,2026-01-01 10:00:00,2026-01-01 10:00:00
1,8f7639ea-368c-4f9b-96e7-1d20636158ea,Amazon,https://placehold.co/100x100?text=Amazon,Frontend Engineer Lead,"We are looking for a Frontend Engineer Lead to join our team at Amazon. You will work on scalable systems, collaborate with cross-functional teams, and contribute to high-impact projects.",https://docs.example.com/amazon_jd_95.pdf,caleb_adoumadje_resume_95.pdf,https://docs.example.com/resumes/caleb_resume_95.pdf,2026-01-01 10:00:00,2026-01-01 10:00:00
1,8b87ffc1-35c3-413c-9f12-d372590a5730,Airbnb,https://placehold.co/100x100?text=Airbnb,Data Engineer I,"We are looking for a Data Engineer I to join our team at Airbnb. You will work on scalable systems, collaborate with cross-functional teams, and contribute to high-impact projects.",https://docs.example.com/airbnb_jd_96.pdf,caleb_adoumadje_resume_96.pdf,https://docs.example.com/resumes/caleb_resume_96.pdf,2026-01-01 10:00:00,2026-01-01 10:00:00
1,98c524e5-61a1-41af-979a-3bcbe4fed4b8,Twilio,https://placehold.co/100x100?text=Twilio,Senior Software Engineer Senior,"We are looking for a Senior Software Engineer Senior to join our team at Twilio. You will work on scalable systems, collaborate with cross-functional teams, and contribute to high-impact projects.",https://docs.example.com/twilio_jd_97.pdf,caleb_adoumadje_resume_97.pdf,https://docs.example.com/resumes/caleb_resume_97.pdf,2026-01-01 10:00:00,2026-01-01 10:00:00
1,3499cd42-74fb-4d57-bf6e-2138ac32aaf4,IBM,https://placehold.co/100x100?text=IBM,Senior Software Engineer III,"We are looking for a Senior Software Engineer III to join our team at IBM. You will work on scalable systems, collaborate with cross-functional teams, and contribute to high-impact projects.",https://docs.example.com/ibm_jd_98.pdf,caleb_adoumadje_resume_98.pdf,https://docs.example.com/resumes/caleb_resume_98.pdf,2026-01-01 10:00:00,2026-01-01 10:00:00
1,6a763cbc-c846-4db5-ac0a-3ad6c9906364,Netflix,https://placehold.co/100x100?text=Netflix,Senior Software Engineer Senior,"We are looking for a Senior Software Engineer Senior to join our team at Netflix. You will work on scalable systems, collaborate with cross-functional teams, and contribute to high-impact projects.",https://docs.example.com/netflix_jd_99.pdf,caleb_adoumadje_resume_99.pdf,https://docs.example.com/resumes/caleb_resume_99.pdf,2026-01-01 10:00:00,2026-01-01 10:00:00
1,ed537211-8741-4bbd-8ddd-3d630ee2713d,SAP,https://placehold.co/100x100?text=SAP,DevOps Engineer III,"We are looking for a DevOps Engineer III to join our team at SAP. You will work on scalable systems, collaborate with cross-functional teams, and contribute to high-impact projects.",https://docs.example.com/sap_jd_100.pdf,caleb_adoumadje_resume_100.pdf,https://docs.example.com/resumes/caleb_resume_100.pdf,2026-01-01 10:00:00,2026-01-01 10:00:00
1,64119876-19f7-4a06-b7d1-10f5a8e6ebc5,Tesla,https://placehold.co/100x100?text=Tesla,Data Engineer I,"We are looking for a Data Engineer I to join our team at Tesla. You will work on scalable systems, collaborate with cross-functional teams, and contribute to high-impact projects.",https://docs.example.com/tesla_jd_101.pdf,caleb_adoumadje_resume_101.pdf,https://docs.example.com/resumes/caleb_resume_101.pdf,2026-01-01 10:00:00,2026-01-01 10:00:00
1,124b8526-f1cf-4f51-9699-cf78e0f9468e,Intel,https://placehold.co/100x100?text=Intel,Software Engineer II,"We are looking for a Software Engineer II to join our team at Intel. You will work on scalable systems, collaborate with cross-functional teams, and contribute to high-impact projects.",https://docs.example.com/intel_jd_102.pdf,caleb_adoumadje_resume_102.pdf,https://docs.example.com/resumes/caleb_resume_102.pdf,2026-01-01 10:00:00,2026-01-01 10:00:00
1,776ae441-db82-4b33-b0f6-e57eab40ce4c,Spotify,https://placehold.co/100x100?text=Spotify,Full Stack Engineer III,"We are looking for a Full Stack Engineer III to join our team at Spotify. You will work on scalable systems, collaborate with cross-functional teams, and contribute to high-impact projects.",https://docs.example.com/spotify_jd_103.pdf,caleb_adoumadje_resume_103.pdf,https://docs.example.com/resumes/caleb_resume_103.pdf,2026-01-01 10:00:00,2026-01-01 10:00:00
1,691a10b8-c12b-43f7-9d87-6616cd4881e0,Meta,https://placehold.co/100x100?text=Meta,Cloud Engineer III,"We are looking for a Cloud Engineer III to join our team at Meta. You will work on scalable systems, collaborate with cross-functional teams, and contribute to high-impact projects.",https://docs.example.com/meta_jd_104.pdf,caleb_adoumadje_resume_104.pdf,https://docs.example.com/resumes/caleb_resume_104.pdf,2026-01-01 10:00:00,2026-01-01 10:00:00
1,3bdb0057-5c18-42f2-bc42-2c38bd9b741c,Stripe,https://placehold.co/100x100?text=Stripe,Full Stack Engineer I,"We are looking for a Full Stack Engineer I to join our team at Stripe. You will work on scalable systems, collaborate with cross-functional teams, and contribute to high-impact projects.",https://docs.example.com/stripe_jd_105.pdf,caleb_adoumadje_resume_105.pdf,https://docs.example.com/resumes/caleb_resume_105.pdf,2026-01-01 10:00:00,2026-01-01 10:00:00
1,92787dd9-93a7-444a-9ff7-0061810d02ae,Microsoft,https://placehold.co/100x100?text=Microsoft,DevOps Engineer III,"We are looking for a DevOps Engineer III to join our team at Microsoft. You will work on scalable systems, collaborate with cross-functional teams, and contribute to high-impact projects.",https://docs.example.com/microsoft_jd_106.pdf,caleb_adoumadje_resume_106.pdf,https://docs.example.com/resumes/caleb_resume_106.pdf,2026-01-01 10:00:00,2026-01-01 10:00:00
1,386744a4-38be-4d44-8b19-93555f4b379e,Twilio,https://placehold.co/100x100?text=Twilio,Platform Engineer III,"We are looking for a Platform Engineer III to join our team at Twilio. You will work on scalable systems, collaborate with cross-functional teams, and contribute to high-impact projects.",https://docs.example.com/twilio_jd_107.pdf,caleb_adoumadje_resume_107.pdf,https://docs.example.com/resumes/caleb_resume_107.pdf,2026-01-01 10:00:00,2026-01-01 10:00:00
1,afa9d41c-05de-48b7-a3e2-7ecc113e1ed7,Tesla,https://placehold.co/100x100?text=Tesla,Frontend Engineer Lead,"We are looking for a Frontend Engineer Lead to join our team at Tesla. You will work on scalable systems, collaborate with cross-functional teams, and contribute to high-impact projects.",https://docs.example.com/tesla_jd_108.pdf,caleb_adoumadje_resume_108.pdf,https://docs.example.com/resumes/caleb_resume_108.pdf,2026-01-01 10:00:00,2026-01-01 10:00:00
1,d563344e-ec88-4e78-886b-fcc45ee4bd3c,Microsoft,https://placehold.co/100x100?text=Microsoft,Frontend Engineer II,"We are looking for a Frontend Engineer II to join our team at Microsoft. You will work on scalable systems, collaborate with cross-functional teams, and contribute to high-impact projects.",https://docs.example.com/microsoft_jd_109.pdf,caleb_adoumadje_resume_109.pdf,https://docs.example.com/resumes/caleb_resume_109.pdf,2026-01-01 10:00:00,2026-01-01 10:00:00
1,07e066f2-1af9-4c02-b9eb-cb9e101b042a,Shopify,https://placehold.co/100x100?text=Shopify,Frontend Engineer II,"We are looking for a Frontend Engineer II to join our team at Shopify. You will work on scalable systems, collaborate with cross-functional teams, and contribute to high-impact projects.",https://docs.example.com/shopify_jd_110.pdf,caleb_adoumadje_resume_110.pdf,https://docs.example.com/resumes/caleb_resume_110.pdf,2026-01-01 10:00:00,2026-01-01 10:00:00
1,3022acbd-d6a9-4e59-b586-e6745a2da8a7,Nvidia,https://placehold.co/100x100?text=Nvidia,Full Stack Engineer Lead,"We are looking for a Full Stack Engineer Lead to join our team at Nvidia. You will work on scalable systems, collaborate with cross-functional teams, and contribute to high-impact projects.",https://docs.example.com/nvidia_jd_111.pdf,caleb_adoumadje_resume_111.pdf,https://docs.example.com/resumes/caleb_resume_111.pdf,2026-01-01 10:00:00,2026-01-01 10:00:00
1,8b3a951e-e62d-4747-bf5a-d9113233f155,SAP,https://placehold.co/100x100?text=SAP,Senior Software Engineer III,"We are looking for a Senior Software Engineer III to join our team at SAP. You will work on scalable systems, collaborate with cross-functional teams, and contribute to high-impact projects.",https://docs.example.com/sap_jd_112.pdf,caleb_adoumadje_resume_112.pdf,https://docs.example.com/resumes/caleb_resume_112.pdf,2026-01-01 10:00:00,2026-01-01 10:00:00
1,f522ad22-0db1-4da8-9c40-9be775caee98,Apple,https://placehold.co/100x100?text=Apple,Senior Software Engineer II,"We are looking for a Senior Software Engineer II to join our team at Apple. You will work on scalable systems, collaborate with cross-functional teams, and contribute to high-impact projects.",https://docs.example.com/apple_jd_113.pdf,caleb_adoumadje_resume_113.pdf,https://docs.example.com/resumes/caleb_resume_113.pdf,2026-01-01 10:00:00,2026-01-01 10:00:00
1,7c7dd72e-08ab-4f43-b77f-b78fc25a3957,Intel,https://placehold.co/100x100?text=Intel,Senior Software Engineer Lead,"We are looking for a Senior Software Engineer Lead to join our team at Intel. You will work on scalable systems, collaborate with cross-functional teams, and contribute to high-impact projects.",https://docs.example.com/intel_jd_114.pdf,caleb_adoumadje_resume_114.pdf,https://docs.example.com/resumes/caleb_resume_114.pdf,2026-01-01 10:00:00,2026-01-01 10:00:00
1,fe836ea8-cdfb-4512-bb72-3223917313df,Meta,https://placehold.co/100x100?text=Meta,Platform Engineer I,"We are looking for a Platform Engineer I to join our team at Meta. You will work on scalable systems, collaborate with cross-functional teams, and contribute to high-impact projects.",https://docs.example.com/meta_jd_115.pdf,caleb_adoumadje_resume_115.pdf,https://docs.example.com/resumes/caleb_resume_115.pdf,2026-01-01 10:00:00,2026-01-01 10:00:00
1,60ae832b-264b-4f21-8eb0-582b3844aca5,Meta,https://placehold.co/100x100?text=Meta,Software Engineer III,"We are looking for a Software Engineer III to join our team at Meta. You will work on scalable systems, collaborate with cross-functional teams, and contribute to high-impact projects.",https://docs.example.com/meta_jd_116.pdf,caleb_adoumadje_resume_116.pdf,https://docs.example.com/resumes/caleb_resume_116.pdf,2026-01-01 10:00:00,2026-01-01 10:00:00
1,2035fc8d-288b-44b0-805f-1033dc35fa4f,Apple,https://placehold.co/100x100?text=Apple,Senior Software Engineer II,"We are looking for a Senior Software Engineer II to join our team at Apple. You will work on scalable systems, collaborate with cross-functional teams, and contribute to high-impact projects.",https://docs.example.com/apple_jd_117.pdf,caleb_adoumadje_resume_117.pdf,https://docs.example.com/resumes/caleb_resume_117.pdf,2026-01-01 10:00:00,2026-01-01 10:00:00
1,7a368298-9c24-4b88-a33e-ddaf377848b8,Oracle,https://placehold.co/100x100?text=Oracle,Software Engineer I,"We are looking for a Software Engineer I to join our team at Oracle. You will work on scalable systems, collaborate with cross-functional teams, and contribute to high-impact projects.",https://docs.example.com/oracle_jd_118.pdf,caleb_adoumadje_resume_118.pdf,https://docs.example.com/resumes/caleb_resume_118.pdf,2026-01-01 10:00:00,2026-01-01 10:00:00
1,672d1591-13c3-43fb-a96d-29ebab5b308f,Apple,https://placehold.co/100x100?text=Apple,Backend Engineer Senior,"We are looking for a Backend Engineer Senior to join our team at Apple. You will work on scalable systems, collaborate with cross-functional teams, and contribute to high-impact projects.",https://docs.example.com/apple_jd_119.pdf,caleb_adoumadje_resume_119.pdf,https://docs.example.com/resumes/caleb_resume_119.pdf,2026-01-01 10:00:00,2026-01-01 10:00:00
1,bf0f60ae-0fe5-4a34-928d-733b9999e59d,Google,https://placehold.co/100x100?text=Google,Senior Software Engineer I,"We are looking for a Senior Software Engineer I to join our team at Google. You will work on scalable systems, collaborate with cross-functional teams, and contribute to high-impact projects.",https://docs.example.com/google_jd_120.pdf,caleb_adoumadje_resume_120.pdf,https://docs.example.com/resumes/caleb_resume_120.pdf,2026-01-01 10:00:00,2026-01-01 10:00:00
