id,user_id,document_name,document_type,document_url,google_drive_id,amazon_s3_key,created_at,updated_at
1,1,jobdesc_1.pdf,JOB_DESCRIPTION,https://docs.com/jobdesc_1.pdf,,jobdesc/1,2026-01-01 10:00:00,2026-01-01 10:00:00
2,1,resume_1.pdf,RESUME,https://docs.com/resume_1.pdf,,resume/1,2026-01-01 10:00:00,2026-01-01 10:00:00
3,1,jobdesc_2.pdf,JOB_DESCRIPTION,https://docs.com/jobdesc_2.pdf,,jobdesc/2,2026-01-01 10:00:00,2026-01-01 10:00:00
4,1,resume_2.pdf,RESUME,https://docs.com/resume_2.pdf,,resume/2,2026-01-01 10:00:00,2026-01-01 10:00:00
5,1,jobdesc_3.pdf,JOB_DESCRIPTION,https://docs.com/jobdesc_3.pdf,,jobdesc/3,2026-01-01 10:00:00,2026-01-01 10:00:00
6,1,resume_3.pdf,RESUME,https://docs.com/resume_3.pdf,,resume/3,2026-01-01 10:00:00,2026-01-01 10:00:00
7,1,jobdesc_4.pdf,JOB_DESCRIPTION,https://docs.com/jobdesc_4.pdf,,jobdesc/4,2026-01-01 10:00:00,2026-01-01 10:00:00
8,1,resume_4.pdf,RESUME,https://docs.com/resume_4.pdf,,resume/4,2026-01-01 10:00:00,2026-01-01 10:00:00
9,1,jobdesc_5.pdf,JOB_DESCRIPTION,https://docs.com/jobdesc_5.pdf,,jobdesc/5,2026-01-01 10:00:00,2026-01-01 10:00:00
10,1,resume_5.pdf,RESUME,https://docs.com/resume_5.pdf,,resume/5,2026-01-01 10:00:00,2026-01-01 10:00:00
11,1,jobdesc_6.pdf,JOB_DESCRIPTION,https://docs.com/jobdesc_6.pdf,,jobdesc/6,2026-01-01 10:00:00,2026-01-01 10:00:00
12,1,resume_6.pdf,RESUME,https://docs.com/resume_6.pdf,,resume/6,2026-01-01 10:00:00,2026-01-01 10:00:00
13,1,jobdesc_7.pdf,JOB_DESCRIPTION,https://docs.com/jobdesc_7.pdf,,jobdesc/7,2026-01-01 10:00:00,2026-01-01 10:00:00
14,1,resume_7.pdf,RESUME,https://docs.com/resume_7.pdf,,resume/7,2026-01-01 10:00:00,2026-01-01 10:00:00
15,1,jobdesc_8.pdf,JOB_DESCRIPTION,https://docs.com/jobdesc_8.pdf,,jobdesc/8,2026-01-01 10:00:00,2026-01-01 10:00:00
16,1,resume_8.pdf,RESUME,https://docs.com/resume_8.pdf,,resume/8,2026-01-01 10:00:00,2026-01-01 10:00:00
17,1,jobdesc_9.pdf,JOB_DESCRIPTION,https://docs.com/jobdesc_9.pdf,,jobdesc/9,2026-01-01 10:00:00,2026-01-01 10:00:00
18,1,resume_9.pdf,RESUME,https://docs.com/resume_9.pdf,,resume/9,2026-01-01 10:00:00,2026-01-01 10:00:00
19,1,jobdesc_10.pdf,JOB_DESCRIPTION,https://docs.com/jobdesc_10.pdf,,jobdesc/10,2026-01-01 10:00:00,2026-01-01 10:00:00
20,1,resume_10.pdf,RESUME,https://docs.com/resume_10.pdf,,resume/10,2026-01-01 10:00:00,2026-01-01 10:00:00
21,1,jobdesc_11.pdf,JOB_DESCRIPTION,https://docs.com/jobdesc_11.pdf,,jobdesc/11,2026-01-01 10:00:00,2026-01-01 10:00:00
22,1,resume_11.pdf,RESUME,https://docs.com/resume_11.pdf,,resume/11,2026-01-01 10:00:00,2026-01-01 10:00:00
23,1,jobdesc_12.pdf,JOB_DESCRIPTION,https://docs.com/jobdesc_12.pdf,,jobdesc/12,2026-01-01 10:00:00,2026-01-01 10:00:00
24,1,resume_12.pdf,RESUME,https://docs.com/resume_12.pdf,,resume/12,2026-01-01 10:00:00,2026-01-01 10:00:00
25,1,jobdesc_13.pdf,JOB_DESCRIPTION,https://docs.com/jobdesc_13.pdf,,jobdesc/13,2026-01-01 10:00:00,2026-01-01 10:00:00
26,1,resume_13.pdf,RESUME,https://docs.com/resume_13.pdf,,resume/13,2026-01-01 10:00:00,2026-01-01 10:00:00
27,1,jobdesc_14.pdf,JOB_DESCRIPTION,https://docs.com/jobdesc_14.pdf,,jobdesc/14,2026-01-01 10:00:00,2026-01-01 10:00:00
28,1,resume_14.pdf,RESUME,https://docs.com/resume_14.pdf,,resume/14,2026-01-01 10:00:00,2026-01-01 10:00:00
29,1,jobdesc_15.pdf,JOB_DESCRIPTION,https://docs.com/jobdesc_15.pdf,,jobdesc/15,2026-01-01 10:00:00,2026-01-01 10:00:00
30,1,resume_15.pdf,RESUME,https://docs.com/resume_15.pdf,,resume/15,2026-01-01 10:00:00,2026-01-01 10:00:00
31,1,jobdesc_16.pdf,JOB_DESCRIPTION,https://docs.com/jobdesc_16.pdf,,jobdesc/16,2026-01-01 10:00:00,2026-01-01 10:00:00
32,1,resume_16.pdf,RESUME,https://docs.com/resume_16.pdf,,resume/16,2026-01-01 10:00:00,2026-01-01 10:00:00
33,1,jobdesc_17.pdf,JOB_DESCRIPTION,https://docs.com/jobdesc_17.pdf,,jobdesc/17,2026-01-01 10:00:00,2026-01-01 10:00:00
34,1,resume_17.pdf,RESUME,https://docs.com/resume_17.pdf,,resume/17,2026-01-01 10:00:00,2026-01-01 10:00:00
35,1,jobdesc_18.pdf,JOB_DESCRIPTION,https://docs.com/jobdesc_18.pdf,,jobdesc/18,2026-01-01 10:00:00,2026-01-01 10:00:00
36,1,resume_18.pdf,RESUME,https://docs.com/resume_18.pdf,,resume/18,2026-01-01 10:00:00,2026-01-01 10:00:00
37,1,jobdesc_19.pdf,JOB_DESCRIPTION,https://docs.com/jobdesc_19.pdf,,jobdesc/19,2026-01-01 10:00:00,2026-01-01 10:00:00
38,1,resume_19.pdf,RESUME,https://docs.com/resume_19.pdf,,resume/19,2026-01-01 10:00:00,2026-01-01 10:00:00
39,1,jobdesc_20.pdf,JOB_DESCRIPTION,https://docs.com/jobdesc_20.pdf,,jobdesc/20,2026-01-01 10:00:00,2026-01-01 10:00:00
40,1,resume_20.pdf,RESUME,https://docs.com/resume_20.pdf,,resume/20,2026-01-01 10:00:00,2026-01-01 10:00:00
41,1,jobdesc_21.pdf,JOB_DESCRIPTION,https://docs.com/jobdesc_21.pdf,,jobdesc/21,2026-01-01 10:00:00,2026-01-01 10:00:00
42,1,resume_21.pdf,RESUME,https://docs.com/resume_21.pdf,,resume/21,2026-01-01 10:00:00,2026-01-01 10:00:00
43,1,jobdesc_22.pdf,JOB_DESCRIPTION,https://docs.com/jobdesc_22.pdf,,jobdesc/22,2026-01-01 10:00:00,2026-01-01 10:00:00
44,1,resume_22.pdf,RESUME,https://docs.com/resume_22.pdf,,resume/22,2026-01-01 10:00:00,2026-01-01 10:00:00
45,1,jobdesc_23.pdf,JOB_DESCRIPTION,https://docs.com/jobdesc_23.pdf,,jobdesc/23,2026-01-01 10:00:00,2026-01-01 10:00:00
46,1,resume_23.pdf,RESUME,https://docs.com/resume_23.pdf,,resume/23,2026-01-01 10:00:00,2026-01-01 10:00:00
47,1,jobdesc_24.pdf,JOB_DESCRIPTION,https://docs.com/jobdesc_24.pdf,,jobdesc/24,2026-01-01 10:00:00,2026-01-01 10:00:00
48,1,resume_24.pdf,RESUME,https://docs.com/resume_24.pdf,,resume/24,2026-01-01 10:00:00,2026-01-01 10:00:00
49,1,jobdesc_25.pdf,JOB_DESCRIPTION,https://docs.com/jobdesc_25.pdf,,jobdesc/25,2026-01-01 10:00:00,2026-01-01 10:00:00
50,1,resume_25.pdf,RESUME,https://docs.com/resume_25.pdf,,resume/25,2026-01-01 10:00:00,2026-01-01 10:00:00
51,1,jobdesc_26.pdf,JOB_DESCRIPTION,https://docs.com/jobdesc_26.pdf,,jobdesc/26,2026-01-01 10:00:00,2026-01-01 10:00:00
52,1,resume_26.pdf,RESUME,https://docs.com/resume_26.pdf,,resume/26,2026-01-01 10:00:00,2026-01-01 10:00:00
53,1,jobdesc_27.pdf,JOB_DESCRIPTION,https://docs.com/jobdesc_27.pdf,,jobdesc/27,2026-01-01 10:00:00,2026-01-01 10:00:00
54,1,resume_27.pdf,RESUME,https://docs.com/resume_27.pdf,,resume/27,2026-01-01 10:00:00,2026-01-01 10:00:00
55,1,jobdesc_28.pdf,JOB_DESCRIPTION,https://docs.com/jobdesc_28.pdf,,jobdesc/28,2026-01-01 10:00:00,2026-01-01 10:00:00
56,1,resume_28.pdf,RESUME,https://docs.com/resume_28.pdf,,resume/28,2026-01-01 10:00:00,2026-01-01 10:00:00
57,1,jobdesc_29.pdf,JOB_DESCRIPTION,https://docs.com/jobdesc_29.pdf,,jobdesc/29,2026-01-01 10:00:00,2026-01-01 10:00:00
58,1,resume_29.pdf,RESUME,https://docs.com/resume_29.pdf,,resume/29,2026-01-01 10:00:00,2026-01-01 10:00:00
59,1,jobdesc_30.pdf,JOB_DESCRIPTION,https://docs.com/jobdesc_30.pdf,,jobdesc/30,2026-01-01 10:00:00,2026-01-01 10:00:00
60,1,resume_30.pdf,RESUME,https://docs.com/resume_30.pdf,,resume/30,2026-01-01 10:00:00,2026-01-01 10:00:00
61,1,jobdesc_31.pdf,JOB_DESCRIPTION,https://docs.com/jobdesc_31.pdf,,jobdesc/31,2026-01-01 10:00:00,2026-01-01 10:00:00
62,1,resume_31.pdf,RESUME,https://docs.com/resume_31.pdf,,resume/31,2026-01-01 10:00:00,2026-01-01 10:00:00
63,1,jobdesc_32.pdf,JOB_DESCRIPTION,https://docs.com/jobdesc_32.pdf,,jobdesc/32,2026-01-01 10:00:00,2026-01-01 10:00:00
64,1,resume_32.pdf,RESUME,https://docs.com/resume_32.pdf,,resume/32,2026-01-01 10:00:00,2026-01-01 10:00:00
65,1,jobdesc_33.pdf,JOB_DESCRIPTION,https://docs.com/jobdesc_33.pdf,,jobdesc/33,2026-01-01 10:00:00,2026-01-01 10:00:00
66,1,resume_33.pdf,RESUME,https://docs.com/resume_33.pdf,,resume/33,2026-01-01 10:00:00,2026-01-01 10:00:00
67,1,jobdesc_34.pdf,JOB_DESCRIPTION,https://docs.com/jobdesc_34.pdf,,jobdesc/34,2026-01-01 10:00:00,2026-01-01 10:00:00
68,1,resume_34.pdf,RESUME,https://docs.com/resume_34.pdf,,resume/34,2026-01-01 10:00:00,2026-01-01 10:00:00
69,1,jobdesc_35.pdf,JOB_DESCRIPTION,https://docs.com/jobdesc_35.pdf,,jobdesc/35,2026-01-01 10:00:00,2026-01-01 10:00:00
70,1,resume_35.pdf,RESUME,https://docs.com/resume_35.pdf,,resume/35,2026-01-01 10:00:00,2026-01-01 10:00:00
71,1,jobdesc_36.pdf,JOB_DESCRIPTION,https://docs.com/jobdesc_36.pdf,,jobdesc/36,2026-01-01 10:00:00,2026-01-01 10:00:00
72,1,resume_36.pdf,RESUME,https://docs.com/resume_36.pdf,,resume/36,2026-01-01 10:00:00,2026-01-01 10:00:00
73,1,jobdesc_37.pdf,JOB_DESCRIPTION,https://docs.com/jobdesc_37.pdf,,jobdesc/37,2026-01-01 10:00:00,2026-01-01 10:00:00
74,1,resume_37.pdf,RESUME,https://docs.com/resume_37.pdf,,resume/37,2026-01-01 10:00:00,2026-01-01 10:00:00
75,1,jobdesc_38.pdf,JOB_DESCRIPTION,https://docs.com/jobdesc_38.pdf,,jobdesc/38,2026-01-01 10:00:00,2026-01-01 10:00:00
76,1,resume_38.pdf,RESUME,https://docs.com/resume_38.pdf,,resume/38,2026-01-01 10:00:00,2026-01-01 10:00:00
77,1,jobdesc_39.pdf,JOB_DESCRIPTION,https://docs.com/jobdesc_39.pdf,,jobdesc/39,2026-01-01 10:00:00,2026-01-01 10:00:00
78,1,resume_39.pdf,RESUME,https://docs.com/resume_39.pdf,,resume/39,2026-01-01 10:00:00,2026-01-01 10:00:00
79,1,jobdesc_40.pdf,JOB_DESCRIPTION,https://docs.com/jobdesc_40.pdf,,jobdesc/40,2026-01-01 10:00:00,2026-01-01 10:00:00
80,1,resume_40.pdf,RESUME,https://docs.com/resume_40.pdf,,resume/40,2026-01-01 10:00:00,2026-01-01 10:00:00
81,1,jobdesc_41.pdf,JOB_DESCRIPTION,https://docs.com/jobdesc_41.pdf,,jobdesc/41,2026-01-01 10:00:00,2026-01-01 10:00:00
82,1,resume_41.pdf,RESUME,https://docs.com/resume_41.pdf,,resume/41,2026-01-01 10:00:00,2026-01-01 10:00:00
83,1,jobdesc_42.pdf,JOB_DESCRIPTION,https://docs.com/jobdesc_42.pdf,,jobdesc/42,2026-01-01 10:00:00,2026-01-01 10:00:00
84,1,resume_42.pdf,RESUME,https://docs.com/resume_42.pdf,,resume/42,2026-01-01 10:00:00,2026-01-01 10:00:00
85,1,jobdesc_43.pdf,JOB_DESCRIPTION,https://docs.com/jobdesc_43.pdf,,jobdesc/43,2026-01-01 10:00:00,2026-01-01 10:00:00
86,1,resume_43.pdf,RESUME,https://docs.com/resume_43.pdf,,resume/43,2026-01-01 10:00:00,2026-01-01 10:00:00
87,1,jobdesc_44.pdf,JOB_DESCRIPTION,https://docs.com/jobdesc_44.pdf,,jobdesc/44,2026-01-01 10:00:00,2026-01-01 10:00:00
88,1,resume_44.pdf,RESUME,https://docs.com/resume_44.pdf,,resume/44,2026-01-01 10:00:00,2026-01-01 10:00:00
89,1,jobdesc_45.pdf,JOB_DESCRIPTION,https://docs.com/jobdesc_45.pdf,,jobdesc/45,2026-01-01 10:00:00,2026-01-01 10:00:00
90,1,resume_45.pdf,RESUME,https://docs.com/resume_45.pdf,,resume/45,2026-01-01 10:00:00,2026-01-01 10:00:00
91,1,jobdesc_46.pdf,JOB_DESCRIPTION,https://docs.com/jobdesc_46.pdf,,jobdesc/46,2026-01-01 10:00:00,2026-01-01 10:00:00
92,1,resume_46.pdf,RESUME,https://docs.com/resume_46.pdf,,resume/46,2026-01-01 10:00:00,2026-01-01 10:00:00
93,1,jobdesc_47.pdf,JOB_DESCRIPTION,https://docs.com/jobdesc_47.pdf,,jobdesc/47,2026-01-01 10:00:00,2026-01-01 10:00:00
94,1,resume_47.pdf,RESUME,https://docs.com/resume_47.pdf,,resume/47,2026-01-01 10:00:00,2026-01-01 10:00:00
95,1,jobdesc_48.pdf,JOB_DESCRIPTION,https://docs.com/jobdesc_48.pdf,,jobdesc/48,2026-01-01 10:00:00,2026-01-01 10:00:00
96,1,resume_48.pdf,RESUME,https://docs.com/resume_48.pdf,,resume/48,2026-01-01 10:00:00,2026-01-01 10:00:00
97,1,jobdesc_49.pdf,JOB_DESCRIPTION,https://docs.com/jobdesc_49.pdf,,jobdesc/49,2026-01-01 10:00:00,2026-01-01 10:00:00
98,1,resume_49.pdf,RESUME,https://docs.com/resume_49.pdf,,resume/49,2026-01-01 10:00:00,2026-01-01 10:00:00
99,1,jobdesc_50.pdf,JOB_DESCRIPTION,https://docs.com/jobdesc_50.pdf,,jobdesc/50,2026-01-01 10:00:00,2026-01-01 10:00:00
100,1,resume_50.pdf,RESUME,https://docs.com/resume_50.pdf,,resume/50,2026-01-01 10:00:00,2026-01-01 10:00:00
101,1,jobdesc_51.pdf,JOB_DESCRIPTION,https://docs.com/jobdesc_51.pdf,,jobdesc/51,2026-01-01 10:00:00,2026-01-01 10:00:00
102,1,resume_51.pdf,RESUME,https://docs.com/resume_51.pdf,,resume/51,2026-01-01 10:00:00,2026-01-01 10:00:00
103,1,jobdesc_52.pdf,JOB_DESCRIPTION,https://docs.com/jobdesc_52.pdf,,jobdesc/52,2026-01-01 10:00:00,2026-01-01 10:00:00
104,1,resume_52.pdf,RESUME,https://docs.com/resume_52.pdf,,resume/52,2026-01-01 10:00:00,2026-01-01 10:00:00
105,1,jobdesc_53.pdf,JOB_DESCRIPTION,https://docs.com/jobdesc_53.pdf,,jobdesc/53,2026-01-01 10:00:00,2026-01-01 10:00:00
106,1,resume_53.pdf,RESUME,https://docs.com/resume_53.pdf,,resume/53,2026-01-01 10:00:00,2026-01-01 10:00:00
107,1,jobdesc_54.pdf,JOB_DESCRIPTION,https://docs.com/jobdesc_54.pdf,,jobdesc/54,2026-01-01 10:00:00,2026-01-01 10:00:00
108,1,resume_54.pdf,RESUME,https://docs.com/resume_54.pdf,,resume/54,2026-01-01 10:00:00,2026-01-01 10:00:00
109,1,jobdesc_55.pdf,JOB_DESCRIPTION,https://docs.com/jobdesc_55.pdf,,jobdesc/55,2026-01-01 10:00:00,2026-01-01 10:00:00
110,1,resume_55.pdf,RESUME,https://docs.com/resume_55.pdf,,resume/55,2026-01-01 10:00:00,2026-01-01 10:00:00
111,1,jobdesc_56.pdf,JOB_DESCRIPTION,https://docs.com/jobdesc_56.pdf,,jobdesc/56,2026-01-01 10:00:00,2026-01-01 10:00:00
112,1,resume_56.pdf,RESUME,https://docs.com/resume_56.pdf,,resume/56,2026-01-01 10:00:00,2026-01-01 10:00:00
113,1,jobdesc_57.pdf,JOB_DESCRIPTION,https://docs.com/jobdesc_57.pdf,,jobdesc/57,2026-01-01 10:00:00,2026-01-01 10:00:00
114,1,resume_57.pdf,RESUME,https://docs.com/resume_57.pdf,,resume/57,2026-01-01 10:00:00,2026-01-01 10:00:00
115,1,jobdesc_58.pdf,JOB_DESCRIPTION,https://docs.com/jobdesc_58.pdf,,jobdesc/58,2026-01-01 10:00:00,2026-01-01 10:00:00
116,1,resume_58.pdf,RESUME,https://docs.com/resume_58.pdf,,resume/58,2026-01-01 10:00:00,2026-01-01 10:00:00
117,1,jobdesc_59.pdf,JOB_DESCRIPTION,https://docs.com/jobdesc_59.pdf,,jobdesc/59,2026-01-01 10:00:00,2026-01-01 10:00:00
118,1,resume_59.pdf,RESUME,https://docs.com/resume_59.pdf,,resume/59,2026-01-01 10:00:00,2026-01-01 10:00:00
119,1,jobdesc_60.pdf,JOB_DESCRIPTION,https://docs.com/jobdesc_60.pdf,,jobdesc/60,2026-01-01 10:00:00,2026-01-01 10:00:00
120,1,resume_60.pdf,RESUME,https://docs.com/resume_60.pdf,,resume/60,2026-01-01 10:00:00,2026-01-01 10:00:00
121,1,jobdesc_61.pdf,JOB_DESCRIPTION,https://docs.com/jobdesc_61.pdf,,jobdesc/61,2026-01-01 10:00:00,2026-01-01 10:00:00
122,1,resume_61.pdf,RESUME,https://docs.com/resume_61.pdf,,resume/61,2026-01-01 10:00:00,2026-01-01 10:00:00
123,1,jobdesc_62.pdf,JOB_DESCRIPTION,https://docs.com/jobdesc_62.pdf,,jobdesc/62,2026-01-01 10:00:00,2026-01-01 10:00:00
124,1,resume_62.pdf,RESUME,https://docs.com/resume_62.pdf,,resume/62,2026-01-01 10:00:00,2026-01-01 10:00:00
125,1,jobdesc_63.pdf,JOB_DESCRIPTION,https://docs.com/jobdesc_63.pdf,,jobdesc/63,2026-01-01 10:00:00,2026-01-01 10:00:00
126,1,resume_63.pdf,RESUME,https://docs.com/resume_63.pdf,,resume/63,2026-01-01 10:00:00,2026-01-01 10:00:00
127,1,jobdesc_64.pdf,JOB_DESCRIPTION,https://docs.com/jobdesc_64.pdf,,jobdesc/64,2026-01-01 10:00:00,2026-01-01 10:00:00
128,1,resume_64.pdf,RESUME,https://docs.com/resume_64.pdf,,resume/64,2026-01-01 10:00:00,2026-01-01 10:00:00
129,1,jobdesc_65.pdf,JOB_DESCRIPTION,https://docs.com/jobdesc_65.pdf,,jobdesc/65,2026-01-01 10:00:00,2026-01-01 10:00:00
130,1,resume_65.pdf,RESUME,https://docs.com/resume_65.pdf,,resume/65,2026-01-01 10:00:00,2026-01-01 10:00:00
131,1,jobdesc_66.pdf,JOB_DESCRIPTION,https://docs.com/jobdesc_66.pdf,,jobdesc/66,2026-01-01 10:00:00,2026-01-01 10:00:00
132,1,resume_66.pdf,RESUME,https://docs.com/resume_66.pdf,,resume/66,2026-01-01 10:00:00,2026-01-01 10:00:00
133,1,jobdesc_67.pdf,JOB_DESCRIPTION,https://docs.com/jobdesc_67.pdf,,jobdesc/67,2026-01-01 10:00:00,2026-01-01 10:00:00
134,1,resume_67.pdf,RESUME,https://docs.com/resume_67.pdf,,resume/67,2026-01-01 10:00:00,2026-01-01 10:00:00
135,1,jobdesc_68.pdf,JOB_DESCRIPTION,https://docs.com/jobdesc_68.pdf,,jobdesc/68,2026-01-01 10:00:00,2026-01-01 10:00:00
136,1,resume_68.pdf,RESUME,https://docs.com/resume_68.pdf,,resume/68,2026-01-01 10:00:00,2026-01-01 10:00:00
137,1,jobdesc_69.pdf,JOB_DESCRIPTION,https://docs.com/jobdesc_69.pdf,,jobdesc/69,2026-01-01 10:00:00,2026-01-01 10:00:00
138,1,resume_69.pdf,RESUME,https://docs.com/resume_69.pdf,,resume/69,2026-01-01 10:00:00,2026-01-01 10:00:00
139,1,jobdesc_70.pdf,JOB_DESCRIPTION,https://docs.com/jobdesc_70.pdf,,jobdesc/70,2026-01-01 10:00:00,2026-01-01 10:00:00
140,1,resume_70.pdf,RESUME,https://docs.com/resume_70.pdf,,resume/70,2026-01-01 10:00:00,2026-01-01 10:00:00
141,1,jobdesc_71.pdf,JOB_DESCRIPTION,https://docs.com/jobdesc_71.pdf,,jobdesc/71,2026-01-01 10:00:00,2026-01-01 10:00:00
142,1,resume_71.pdf,RESUME,https://docs.com/resume_71.pdf,,resume/71,2026-01-01 10:00:00,2026-01-01 10:00:00
143,1,jobdesc_72.pdf,JOB_DESCRIPTION,https://docs.com/jobdesc_72.pdf,,jobdesc/72,2026-01-01 10:00:00,2026-01-01 10:00:00
144,1,resume_72.pdf,RESUME,https://docs.com/resume_72.pdf,,resume/72,2026-01-01 10:00:00,2026-01-01 10:00:00
145,1,jobdesc_73.pdf,JOB_DESCRIPTION,https://docs.com/jobdesc_73.pdf,,jobdesc/73,2026-01-01 10:00:00,2026-01-01 10:00:00
146,1,resume_73.pdf,RESUME,https://docs.com/resume_73.pdf,,resume/73,2026-01-01 10:00:00,2026-01-01 10:00:00
147,1,jobdesc_74.pdf,JOB_DESCRIPTION,https://docs.com/jobdesc_74.pdf,,jobdesc/74,2026-01-01 10:00:00,2026-01-01 10:00:00
148,1,resume_74.pdf,RESUME,https://docs.com/resume_74.pdf,,resume/74,2026-01-01 10:00:00,2026-01-01 10:00:00
149,1,jobdesc_75.pdf,JOB_DESCRIPTION,https://docs.com/jobdesc_75.pdf,,jobdesc/75,2026-01-01 10:00:00,2026-01-01 10:00:00
150,1,resume_75.pdf,RESUME,https://docs.com/resume_75.pdf,,resume/75,2026-01-01 10:00:00,2026-01-01 10:00:00
151,1,jobdesc_76.pdf,JOB_DESCRIPTION,https://docs.com/jobdesc_76.pdf,,jobdesc/76,2026-01-01 10:00:00,2026-01-01 10:00:00
152,1,resume_76.pdf,RESUME,https://docs.com/resume_76.pdf,,resume/76,2026-01-01 10:00:00,2026-01-01 10:00:00
153,1,jobdesc_77.pdf,JOB_DESCRIPTION,https://docs.com/jobdesc_77.pdf,,jobdesc/77,2026-01-01 10:00:00,2026-01-01 10:00:00
154,1,resume_77.pdf,RESUME,https://docs.com/resume_77.pdf,,resume/77,2026-01-01 10:00:00,2026-01-01 10:00:00
155,1,jobdesc_78.pdf,JOB_DESCRIPTION,https://docs.com/jobdesc_78.pdf,,jobdesc/78,2026-01-01 10:00:00,2026-01-01 10:00:00
156,1,resume_78.pdf,RESUME,https://docs.com/resume_78.pdf,,resume/78,2026-01-01 10:00:00,2026-01-01 10:00:00
157,1,jobdesc_79.pdf,JOB_DESCRIPTION,https://docs.com/jobdesc_79.pdf,,jobdesc/79,2026-01-01 10:00:00,2026-01-01 10:00:00
158,1,resume_79.pdf,RESUME,https://docs.com/resume_79.pdf,,resume/79,2026-01-01 10:00:00,2026-01-01 10:00:00
159,1,jobdesc_80.pdf,JOB_DESCRIPTION,https://docs.com/jobdesc_80.pdf,,jobdesc/80,2026-01-01 10:00:00,2026-01-01 10:00:00
160,1,resume_80.pdf,RESUME,https://docs.com/resume_80.pdf,,resume/80,2026-01-01 10:00:00,2026-01-01 10:00:00
161,1,jobdesc_81.pdf,JOB_DESCRIPTION,https://docs.com/jobdesc_81.pdf,,jobdesc/81,2026-01-01 10:00:00,2026-01-01 10:00:00
162,1,resume_81.pdf,RESUME,https://docs.com/resume_81.pdf,,resume/81,2026-01-01 10:00:00,2026-01-01 10:00:00
163,1,jobdesc_82.pdf,JOB_DESCRIPTION,https://docs.com/jobdesc_82.pdf,,jobdesc/82,2026-01-01 10:00:00,2026-01-01 10:00:00
164,1,resume_82.pdf,RESUME,https://docs.com/resume_82.pdf,,resume/82,2026-01-01 10:00:00,2026-01-01 10:00:00
165,1,jobdesc_83.pdf,JOB_DESCRIPTION,https://docs.com/jobdesc_83.pdf,,jobdesc/83,2026-01-01 10:00:00,2026-01-01 10:00:00
166,1,resume_83.pdf,RESUME,https://docs.com/resume_83.pdf,,resume/83,2026-01-01 10:00:00,2026-01-01 10:00:00
167,1,jobdesc_84.pdf,JOB_DESCRIPTION,https://docs.com/jobdesc_84.pdf,,jobdesc/84,2026-01-01 10:00:00,2026-01-01 10:00:00
168,1,resume_84.pdf,RESUME,https://docs.com/resume_84.pdf,,resume/84,2026-01-01 10:00:00,2026-01-01 10:00:00
169,1,jobdesc_85.pdf,JOB_DESCRIPTION,https://docs.com/jobdesc_85.pdf,,jobdesc/85,2026-01-01 10:00:00,2026-01-01 10:00:00
170,1,resume_85.pdf,RESUME,https://docs.com/resume_85.pdf,,resume/85,2026-01-01 10:00:00,2026-01-01 10:00:00
171,1,jobdesc_86.pdf,JOB_DESCRIPTION,https://docs.com/jobdesc_86.pdf,,jobdesc/86,2026-01-01 10:00:00,2026-01-01 10:00:00
172,1,resume_86.pdf,RESUME,https://docs.com/resume_86.pdf,,resume/86,2026-01-01 10:00:00,2026-01-01 10:00:00
173,1,jobdesc_87.pdf,JOB_DESCRIPTION,https://docs.com/jobdesc_87.pdf,,jobdesc/87,2026-01-01 10:00:00,2026-01-01 10:00:00
174,1,resume_87.pdf,RESUME,https://docs.com/resume_87.pdf,,resume/87,2026-01-01 10:00:00,2026-01-01 10:00:00
175,1,jobdesc_88.pdf,JOB_DESCRIPTION,https://docs.com/jobdesc_88.pdf,,jobdesc/88,2026-01-01 10:00:00,2026-01-01 10:00:00
176,1,resume_88.pdf,RESUME,https://docs.com/resume_88.pdf,,resume/88,2026-01-01 10:00:00,2026-01-01 10:00:00
177,1,jobdesc_89.pdf,JOB_DESCRIPTION,https://docs.com/jobdesc_89.pdf,,jobdesc/89,2026-01-01 10:00:00,2026-01-01 10:00:00
178,1,resume_89.pdf,RESUME,https://docs.com/resume_89.pdf,,resume/89,2026-01-01 10:00:00,2026-01-01 10:00:00
179,1,jobdesc_90.pdf,JOB_DESCRIPTION,https://docs.com/jobdesc_90.pdf,,jobdesc/90,2026-01-01 10:00:00,2026-01-01 10:00:00
180,1,resume_90.pdf,RESUME,https://docs.com/resume_90.pdf,,resume/90,2026-01-01 10:00:00,2026-01-01 10:00:00
181,1,jobdesc_91.pdf,JOB_DESCRIPTION,https://docs.com/jobdesc_91.pdf,,jobdesc/91,2026-01-01 10:00:00,2026-01-01 10:00:00
182,1,resume_91.pdf,RESUME,https://docs.com/resume_91.pdf,,resume/91,2026-01-01 10:00:00,2026-01-01 10:00:00
183,1,jobdesc_92.pdf,JOB_DESCRIPTION,https://docs.com/jobdesc_92.pdf,,jobdesc/92,2026-01-01 10:00:00,2026-01-01 10:00:00
184,1,resume_92.pdf,RESUME,https://docs.com/resume_92.pdf,,resume/92,2026-01-01 10:00:00,2026-01-01 10:00:00
185,1,jobdesc_93.pdf,JOB_DESCRIPTION,https://docs.com/jobdesc_93.pdf,,jobdesc/93,2026-01-01 10:00:00,2026-01-01 10:00:00
186,1,resume_93.pdf,RESUME,https://docs.com/resume_93.pdf,,resume/93,2026-01-01 10:00:00,2026-01-01 10:00:00
187,1,jobdesc_94.pdf,JOB_DESCRIPTION,https://docs.com/jobdesc_94.pdf,,jobdesc/94,2026-01-01 10:00:00,2026-01-01 10:00:00
188,1,resume_94.pdf,RESUME,https://docs.com/resume_94.pdf,,resume/94,2026-01-01 10:00:00,2026-01-01 10:00:00
189,1,jobdesc_95.pdf,JOB_DESCRIPTION,https://docs.com/jobdesc_95.pdf,,jobdesc/95,2026-01-01 10:00:00,2026-01-01 10:00:00
190,1,resume_95.pdf,RESUME,https://docs.com/resume_95.pdf,,resume/95,2026-01-01 10:00:00,2026-01-01 10:00:00
191,1,jobdesc_96.pdf,JOB_DESCRIPTION,https://docs.com/jobdesc_96.pdf,,jobdesc/96,2026-01-01 10:00:00,2026-01-01 10:00:00
192,1,resume_96.pdf,RESUME,https://docs.com/resume_96.pdf,,resume/96,2026-01-01 10:00:00,2026-01-01 10:00:00
193,1,jobdesc_97.pdf,JOB_DESCRIPTION,https://docs.com/jobdesc_97.pdf,,jobdesc/97,2026-01-01 10:00:00,2026-01-01 10:00:00
194,1,resume_97.pdf,RESUME,https://docs.com/resume_97.pdf,,resume/97,2026-01-01 10:00:00,2026-01-01 10:00:00
195,1,jobdesc_98.pdf,JOB_DESCRIPTION,https://docs.com/jobdesc_98.pdf,,jobdesc/98,2026-01-01 10:00:00,2026-01-01 10:00:00
196,1,resume_98.pdf,RESUME,https://docs.com/resume_98.pdf,,resume/98,2026-01-01 10:00:00,2026-01-01 10:00:00
197,1,jobdesc_99.pdf,JOB_DESCRIPTION,https://docs.com/jobdesc_99.pdf,,jobdesc/99,2026-01-01 10:00:00,2026-01-01 10:00:00
198,1,resume_99.pdf,RESUME,https://docs.com/resume_99.pdf,,resume/99,2026-01-01 10:00:00,2026-01-01 10:00:00
199,1,jobdesc_100.pdf,JOB_DESCRIPTION,https://docs.com/jobdesc_100.pdf,,jobdesc/100,2026-01-01 10:00:00,2026-01-01 10:00:00
200,1,resume_100.pdf,RESUME,https://docs.com/resume_100.pdf,,resume/100,2026-01-01 10:00:00,2026-01-01 10:00:00
201,1,jobdesc_101.pdf,JOB_DESCRIPTION,https://docs.com/jobdesc_101.pdf,,jobdesc/101,2026-01-01 10:00:00,2026-01-01 10:00:00
202,1,resume_101.pdf,RESUME,https://docs.com/resume_101.pdf,,resume/101,2026-01-01 10:00:00,2026-01-01 10:00:00
203,1,jobdesc_102.pdf,JOB_DESCRIPTION,https://docs.com/jobdesc_102.pdf,,jobdesc/102,2026-01-01 10:00:00,2026-01-01 10:00:00
204,1,resume_102.pdf,RESUME,https://docs.com/resume_102.pdf,,resume/102,2026-01-01 10:00:00,2026-01-01 10:00:00
205,1,jobdesc_103.pdf,JOB_DESCRIPTION,https://docs.com/jobdesc_103.pdf,,jobdesc/103,2026-01-01 10:00:00,2026-01-01 10:00:00
206,1,resume_103.pdf,RESUME,https://docs.com/resume_103.pdf,,resume/103,2026-01-01 10:00:00,2026-01-01 10:00:00
207,1,jobdesc_104.pdf,JOB_DESCRIPTION,https://docs.com/jobdesc_104.pdf,,jobdesc/104,2026-01-01 10:00:00,2026-01-01 10:00:00
208,1,resume_104.pdf,RESUME,https://docs.com/resume_104.pdf,,resume/104,2026-01-01 10:00:00,2026-01-01 10:00:00
209,1,jobdesc_105.pdf,JOB_DESCRIPTION,https://docs.com/jobdesc_105.pdf,,jobdesc/105,2026-01-01 10:00:00,2026-01-01 10:00:00
210,1,resume_105.pdf,RESUME,https://docs.com/resume_105.pdf,,resume/105,2026-01-01 10:00:00,2026-01-01 10:00:00
211,1,jobdesc_106.pdf,JOB_DESCRIPTION,https://docs.com/jobdesc_106.pdf,,jobdesc/106,2026-01-01 10:00:00,2026-01-01 10:00:00
212,1,resume_106.pdf,RESUME,https://docs.com/resume_106.pdf,,resume/106,2026-01-01 10:00:00,2026-01-01 10:00:00
213,1,jobdesc_107.pdf,JOB_DESCRIPTION,https://docs.com/jobdesc_107.pdf,,jobdesc/107,2026-01-01 10:00:00,2026-01-01 10:00:00
214,1,resume_107.pdf,RESUME,https://docs.com/resume_107.pdf,,resume/107,2026-01-01 10:00:00,2026-01-01 10:00:00
215,1,jobdesc_108.pdf,JOB_DESCRIPTION,https://docs.com/jobdesc_108.pdf,,jobdesc/108,2026-01-01 10:00:00,2026-01-01 10:00:00
216,1,resume_108.pdf,RESUME,https://docs.com/resume_108.pdf,,resume/108,2026-01-01 10:00:00,2026-01-01 10:00:00
217,1,jobdesc_109.pdf,JOB_DESCRIPTION,https://docs.com/jobdesc_109.pdf,,jobdesc/109,2026-01-01 10:00:00,2026-01-01 10:00:00
218,1,resume_109.pdf,RESUME,https://docs.com/resume_109.pdf,,resume/109,2026-01-01 10:00:00,2026-01-01 10:00:00
219,1,jobdesc_110.pdf,JOB_DESCRIPTION,https://docs.com/jobdesc_110.pdf,,jobdesc/110,2026-01-01 10:00:00,2026-01-01 10:00:00
220,1,resume_110.pdf,RESUME,https://docs.com/resume_110.pdf,,resume/110,2026-01-01 10:00:00,2026-01-01 10:00:00
221,1,jobdesc_111.pdf,JOB_DESCRIPTION,https://docs.com/jobdesc_111.pdf,,jobdesc/111,2026-01-01 10:00:00,2026-01-01 10:00:00
222,1,resume_111.pdf,RESUME,https://docs.com/resume_111.pdf,,resume/111,2026-01-01 10:00:00,2026-01-01 10:00:00
223,1,jobdesc_112.pdf,JOB_DESCRIPTION,https://docs.com/jobdesc_112.pdf,,jobdesc/112,2026-01-01 10:00:00,2026-01-01 10:00:00
224,1,resume_112.pdf,RESUME,https://docs.com/resume_112.pdf,,resume/112,2026-01-01 10:00:00,2026-01-01 10:00:00
225,1,jobdesc_113.pdf,JOB_DESCRIPTION,https://docs.com/jobdesc_113.pdf,,jobdesc/113,2026-01-01 10:00:00,2026-01-01 10:00:00
226,1,resume_113.pdf,RESUME,https://docs.com/resume_113.pdf,,resume/113,2026-01-01 10:00:00,2026-01-01 10:00:00
227,1,jobdesc_114.pdf,JOB_DESCRIPTION,https://docs.com/jobdesc_114.pdf,,jobdesc/114,2026-01-01 10:00:00,2026-01-01 10:00:00
228,1,resume_114.pdf,RESUME,https://docs.com/resume_114.pdf,,resume/114,2026-01-01 10:00:00,2026-01-01 10:00:00
229,1,jobdesc_115.pdf,JOB_DESCRIPTION,https://docs.com/jobdesc_115.pdf,,jobdesc/115,2026-01-01 10:00:00,2026-01-01 10:00:00
230,1,resume_115.pdf,RESUME,https://docs.com/resume_115.pdf,,resume/115,2026-01-01 10:00:00,2026-01-01 10:00:00
231,1,jobdesc_116.pdf,JOB_DESCRIPTION,https://docs.com/jobdesc_116.pdf,,jobdesc/116,2026-01-01 10:00:00,2026-01-01 10:00:00
232,1,resume_116.pdf,RESUME,https://docs.com/resume_116.pdf,,resume/116,2026-01-01 10:00:00,2026-01-01 10:00:00
233,1,jobdesc_117.pdf,JOB_DESCRIPTION,https://docs.com/jobdesc_117.pdf,,jobdesc/117,2026-01-01 10:00:00,2026-01-01 10:00:00
234,1,resume_117.pdf,RESUME,https://docs.com/resume_117.pdf,,resume/117,2026-01-01 10:00:00,2026-01-01 10:00:00
235,1,jobdesc_118.pdf,JOB_DESCRIPTION,https://docs.com/jobdesc_118.pdf,,jobdesc/118,2026-01-01 10:00:00,2026-01-01 10:00:00
236,1,resume_118.pdf,RESUME,https://docs.com/resume_118.pdf,,resume/118,2026-01-01 10:00:00,2026-01-01 10:00:00
237,1,jobdesc_119.pdf,JOB_DESCRIPTION,https://docs.com/jobdesc_119.pdf,,jobdesc/119,2026-01-01 10:00:00,2026-01-01 10:00:00
238,1,resume_119.pdf,RESUME,https://docs.com/resume_119.pdf,,resume/119,2026-01-01 10:00:00,2026-01-01 10:00:00
239,1,jobdesc_120.pdf,JOB_DESCRIPTION,https://docs.com/jobdesc_120.pdf,,jobdesc/120,2026-01-01 10:00:00,2026-01-01 10:00:00
240,1,resume_120.pdf,RESUME,https://docs.com/resume_120.pdf,,resume/120,2026-01-01 10:00:00,2026-01-01 10:00:00
